property_type,state,lat,lon,area_m2,price_usd
House,Estado de México,19.560181,-99.233528,150.0,67965.56
House,Nuevo León,25.6884355,-100.1988071,186.0,63223.78
APARTMENT,Guerrero,16.767704,-99.764383,82.0,84298.37
APARTMENT,Guerrero,16.829782,-99.911012,150.0,94308.8
House,Yucatán,21.05258302,-89.53863859,205.0,105191.37
House,Querétaro,20.7163149,-100.4525027,320.0,274034.68
House,Morelos,18.8126047,-98.9548261,281.0,151509.56
House,Chiapas,16.769737,-93.088928,140.0,79029.72
House,Morelos,18.804197,-98.932816,117.0,63223.78
APARTMENT,Guerrero,16.775165,-99.789939,117.0,157269.15
House,Yucatán,21.0483333,-89.6780555,193.0,104607.47
House,Estado de México,19.560181,-99.233528,85.0,63238.77
House,Tabasco,18.01408208,-92.8963995,135.0,77994.48
APARTMENT,Yucatán,21.33715074,-89.32268858,208.0,203167.1
House,Distrito Federal,19.337652,-99.2233268,297.0,264390.77
APARTMENT,Distrito Federal,19.428152,-99.106194,68.0,67175.26
House,Puebla,18.991881,-98.275275,334.0,262905.55
House,Veracruz de Ignacio de la Llave,25.624891,-103.397214,106.0,40041.72
House,Yucatán,20.997143,-89.601028,132.0,64556.24
APARTMENT,Distrito Federal,19.430141,-99.172536,97.0,104846.1
House,Tabasco,17.893124,-92.92127323,70.0,39514.86
House,Yucatán,21.0231861,-89.5863038,253.0,129639.48
APARTMENT,Distrito Federal,19.39365,-99.14769,128.0,120125.18
House,Veracruz de Ignacio de la Llave,25.569582,-103.33239,350.0,158059.45
House,Veracruz de Ignacio de la Llave,25.581369,-103.377648,133.0,51632.75
House,Puebla,19.0412967,-98.2061996,250.0,155461.98
House,Distrito Federal,19.390301,-99.11161,187.0,126447.56
APARTMENT,Puebla,19.026517,-98.214364,102.0,97598.5
House,Jalisco,23.634501,-102.552788,107.0,57955.13
APARTMENT,Distrito Federal,19.412142,-99.146127,75.0,44794.13
House,Estado de México,19.715134,-99.214828,126.0,95309.84
House,Morelos,18.804197,-98.932816,130.0,65858.1
APARTMENT,Yucatán,21.0294432,-89.6322061,237.0,192087.77
APARTMENT,Distrito Federal,19.33923,-99.218987,102.0,237089.17
House,Baja California,32.493049,-116.907481,76.0,41095.45
House,Morelos,18.960244,-99.212962,305.0,227351.46
House,Quintana Roo,21.129547,-86.817017,135.0,93781.94
APARTMENT,Tamaulipas,22.217112,-97.854477,170.0,43887.84
House,Guerrero,16.860338,-99.870399,168.0,94835.67
House,Veracruz de Ignacio de la Llave,19.109509,-96.111477,220.0,105372.96
House,Querétaro,23.634501,-102.552788,250.0,176499.72
APARTMENT,Yucatán,21.0307114,-89.6181018,157.0,81630.71
House,Querétaro,20.6536084,-100.3469826,128.0,105372.96
House,Estado de México,19.650003,-99.220367,135.0,126477.54
House,Nuevo León,25.708134,-100.145821,60.0,34254.33
House,Nuevo León,25.751371,-100.238281,185.0,72707.34
House,Veracruz de Ignacio de la Llave,25.581989,-103.378005,220.0,76395.4
House,Tamaulipas,26.074236,-98.349915,200.0,126447.56
House,Quintana Roo,21.15048247,-86.81568548,261.0,216014.58
House,Jalisco,20.785506,-103.442286,98.0,52423.05
APARTMENT,Distrito Federal,19.374421,-99.13907,72.0,118386.52
House,Yucatán,20.99947,-89.642815,211.0,63238.77
House,Estado de México,19.533243,-99.227295,200.0,173865.39
House,Querétaro,20.705742,-100.444016,300.0,226551.88
House,Sonora,29.058504,-110.978981,185.0,34254.33
House,Puebla,18.99466,-98.2761016,178.0,139652.29
House,Sinaloa,24.754314,-107.402241,280.0,84298.37
House,Estado de México,19.544106,-99.112656,6550.0,68492.42
House,Chihuahua,28.6329957,-106.0691004,115.0,63238.77
House,Yucatán,20.99214914,-89.5655331,121.0,65873.72
House,San Luis Potosí,22.141575,-100.900192,108.0,50591.01
House,Morelos,18.942068,-99.242531,290.0,242415.29
House,Puebla,19.087196,-98.288637,148.0,72707.34
House,Veracruz de Ignacio de la Llave,19.1616453,-96.154687,290.0,147557.13
House,Puebla,18.989595,-98.203529,200.0,150192.08
House,Morelos,18.917542,-98.963181,220.0,110641.61
APARTMENT,Distrito Federal,19.384533,-99.183172,120.0,189716.32
House,Distrito Federal,19.317922,-99.236124,350.0,176499.72
House,Estado de México,19.696592,-99.231445,87.0,152000.5
APARTMENT,Distrito Federal,19.401819,-99.184615,75.0,78502.86
House,Puebla,18.998509,-98.179484,200.0,102738.64
APARTMENT,San Luis Potosí,22.1418,-101.027344,114.0,88270.78
House,Yucatán,21.072905,-89.65963,266.0,111721.83
House,Nuevo León,25.6318511,-100.170963,204.0,51644.99
APARTMENT,Jalisco###,20.649012,-103.448288,88.0,82875.83
House,Yucatán,21.030668,-89.599258,175.0,120944.15
House,Zacatecas,23.634501,-102.552788,170.0,89567.02
APARTMENT,Estado de México,19.559799,-99.233795,60.0,34599.16
House,Yucatán,21.072905,-89.65963,127.0,47417.83
House,Puebla,19.044477,-98.328011,326.0,326733.66
House,Veracruz de Ignacio de la Llave,25.572505,-103.425036,330.0,121178.91
House,Jalisco,20.788616,-103.435217,156.0,123813.23
APARTMENT,Nuevo León###,25.6526883,-100.4122654,101.0,160866.42
House,Nuevo León,25.680067,-100.458626,336.0,142253.5
House,Estado de México,19.305643,-98.901535,120.0,42159.18
House,Estado de México,19.684991,-99.225298,60.0,37670.83
House,Yucatán,21.008295,-89.591019,282.0,123052.11
House,Puebla,23.634501,-102.552788,156.0,94835.67
House,San Luis Potosí,22.1387477,-101.0181525,200.0,97469.99
House,Estado de México,19.428043,-99.227384,309.0,306529.96
House,Hidalgo,20.059217,-98.790423,200.0,136984.85
House,Yucatán,21.292982,-89.603973,100.0,139652.29
House,Morelos,18.903454,-99.056687,145.0,89567.02
House,Distrito Federal,19.411699,-99.166247,120.0,230874.8
House,Morelos,18.89179165,-99.22272205,183.0,147557.13
House,Yucatán,21.0424858,-89.5568382,107.0,50579.02
APARTMENT,Querétaro,20.711874,-100.448934,140.0,102211.77
House,Estado de México,19.234822,-99.559659,115.0,105372.96
House,Estado de México,19.558449,-99.22973,180.0,67965.56
House,Chihuahua,28.652079,-106.109581,227.0,110641.61
House,Nuevo León,25.707024,-100.21376,250.0,110667.85
House,Veracruz de Ignacio de la Llave,19.155567,-96.13928,165.0,60589.45
House,Hidalgo,20.05687984,-98.76537555,200.0,68508.67
House,Nuevo León,25.634661,-100.295769,242.0,76413.51
House,Distrito Federal,19.360526,-99.301674,220.0,87703.06
House,Puebla,19.01195,-98.219383,385.0,237089.17
APARTMENT,Yucatán,21.2929822,-89.6039725,255.0,236144.12
House,Morelos,18.93409,-99.254997,218.0,143530.93
House,Yucatán,20.996355,-89.583946,201.0,92223.21
House,Puebla,18.983141,-98.265739,135.0,42149.18
House,Estado de México,19.2826098,-99.6556653,4500.0,56387.9
House,Tamaulipas,22.4107891,-97.9342897,176.0,60603.82
House,Tabasco,18.263374,-93.179222,104.0,39514.86
House,Yucatán###,21.039522,-89.563911,174.0,65858.1
House,Sinaloa,23.240411,-106.432565,189.0,63118.4
APARTMENT,Distrito Federal,19.452331,-99.177162,90.0,73234.21
House,Quintana Roo,21.129547,-86.817017,275.0,173865.39
House,Nuevo León,25.702822,-100.304192,148.0,94594.66
House,Veracruz de Ignacio de la Llave,19.563358,-96.939697,110.0,39524.23
House,Veracruz de Ignacio de la Llave,19.205341,-96.197784,130.0,84298.37
House,Yucatán,21.0424858,-89.5568382,185.0,76677.01
House,Querétaro,20.726007,-100.442642,273.0,181811.47
House,San Luis Potosí,23.634501,-102.552788,187.0,94308.8
House,Distrito Federal,19.395069,-99.204927,110.0,84825.23
APARTMENT,Distrito Federal,19.400004,-99.16735,94.0,217911.29
House,Tabasco,17.979631,-92.965249,100.0,65858.1
House,Yucatán,21.006756,-89.570984,162.0,76413.51
House,Chiapas,19.671066,-101.213341,175.0,92201.34
House,Nuevo León,25.7418083,-100.4057781,211.0,124501.99
House,Yucatán,20.968147,-89.629875,123.0,41095.45
House,Jalisco,20.767952,-103.40899,148.0,96363.57
House,Morelos,18.795519,-99.231445,150.0,67438.69
APARTMENT,Distrito Federal,19.449392,-99.138544,70.0,42676.05
APARTMENT,Quintana Roo###,21.15640821,-86.84881411,95.0,68508.67
House,Tamaulipas,22.3160889,-97.8884841,165.0,76940.5
APARTMENT,Distrito Federal###,19.486255,-99.214043,65.0,46890.97
House,Yucatán,21.035221,-89.635757,204.0,93781.94
House,Querétaro,20.726007,-100.442642,180.0,109324.45
House,Sinaloa,23.261934,-106.408936,124.0,67702.13
APARTMENT,Distrito Federal,19.366505,-99.222297,72.0,64281.19
House,Querétaro,20.6521079,-100.3491545,250.0,144922.18
APARTMENT,Distrito Federal,19.354947,-99.087529,65.0,37386.32
House,Querétaro,20.6476044,-100.35253,150.0,104319.23
House,Yucatán,21.030668,-89.599258,305.0,184182.92
House,Distrito Federal,19.371317,-99.140957,300.0,123981.3
APARTMENT,Veracruz de Ignacio de la Llave,19.1356101,-96.1142685,105.0,50064.02
APARTMENT,Distrito Federal,19.377169,-99.187643,90.0,56514.99
APARTMENT,Distrito Federal,19.381591,-99.165397,124.0,270872.74
House,Yucatán,21.039522,-89.563911,230.0,92223.21
House,Estado de México,19.27223,-99.575691,300.0,184446.42
APARTMENT,Veracruz de Ignacio de la Llave,19.191416,-96.127518,70.0,62448.28
House,San Luis Potosí,22.121187,-100.951736,154.0,57968.87
House,Estado de México,19.4653884,-99.5940417,70.0,39524.23
House,Morelos,18.8493694,-98.9479805,250.0,84298.37
House,Yucatán,21.05294348,-89.66792107,141.0,62975.27
House,Guerrero,16.808875,-99.821739,104.0,102738.64
APARTMENT,Estado de México,19.531773,-99.245873,174.0,326656.19
House,Tamaulipas,25.860595,-97.504808,212.0,71126.75
House,Morelos,18.882006,-99.148384,240.0,100104.31
APARTMENT,Puebla,19.002178,-98.271063,87.0,173986.78
House,Estado de México,19.425918,-99.230123,300.0,215222.62
House,Puebla,18.984862,-98.222234,289.0,226551.88
House,Distrito Federal,19.399375,-99.149986,95.0,246994.23
House,Baja California,32.5622552,-115.3169575,75.0,42149.18
APARTMENT,Distrito Federal,19.452689,-99.117987,60.0,36269.27
House,Distrito Federal,19.336104,-99.101761,70.0,50087.3
House,Zacatecas,23.634501,-102.552788,6900.0,63223.78
APARTMENT,Distrito Federal,19.3987957,-99.1594498,110.0,274034.68
House,Veracruz de Ignacio de la Llave,25.510739,-103.357425,140.0,39514.86
House,Tamaulipas,22.2695545,-97.8750355,140.0,71301.71
House,Estado de México,19.3308425,-99.5817205,140.0,121207.64
House,Estado de México,19.2398293,-99.617673,332.0,242415.29
House,Estado de México,19.4689569,-99.2727792,372.0,144887.83
House,Morelos,18.917542,-98.963181,200.0,131747.44
House,Tabasco,17.97280546,-92.95154875,134.0,104343.97
House,Nuevo León,25.79255,-100.274638,159.0,74972.86
APARTMENT,Distrito Federal,19.3928136,-99.1738213,112.0,312957.71
House,Sinaloa,24.804811,-107.46476,95.0,47417.83
House,Aguascalientes,21.905983,-102.286817,157.0,41622.32
House,Morelos,18.900945,-99.232574,279.0,142253.5
House,Tamaulipas,22.2900902,-97.8437788,75.0,34254.33
APARTMENT,Distrito Federal,19.375374,-99.137657,80.0,34077.61
APARTMENT,Puebla,19.02065826,-98.22384596,100.0,103606.19
House,Yucatán,20.96083848,-89.62156874,160.0,52159.61
APARTMENT,Distrito Federal,19.409369,-99.171906,83.0,263494.89
House,Nuevo León,25.712547,-100.249496,210.0,83000.89
House,Puebla,19.09276402,-98.22678055,5000.0,51644.99
House,Jalisco,20.792152,-103.475021,104.0,39514.86
House,Guanajuato,21.121012,-101.600136,207.0,121207.64
House,San Luis Potosí,22.18307725,-101.0302325,92.0,34781.32
APARTMENT,Distrito Federal,19.404032,-99.179694,103.0,209902.95
House,Morelos,18.814863,-99.211439,97.0,68492.42
APARTMENT,Distrito Federal,19.368544,-99.163605,105.0,284507.01
House,Puebla,19.0550344,-98.2731403,330.0,189716.32
House,Estado de México,19.699144,-98.978363,180.0,68492.42
APARTMENT,Distrito Federal,19.341894,-99.224525,96.0,156958.3
House,Querétaro,20.596285,-100.357695,300.0,144887.83
House,Puebla,19.0217424,-98.2604216,215.0,155461.98
House,Chiapas,19.987465,-102.284888,330.0,210745.93
House,Morelos,18.845494,-99.20547,136.0,71765.83
APARTMENT,Distrito Federal,19.366901,-99.297272,65.0,109387.67
House,San Luis Potosí,22.18408015,-101.0286072,110.0,39830.98
House,Estado de México,19.615452,-99.206348,70.0,47681.26
House,Distrito Federal,19.473907,-99.177444,320.0,91042.24
House,San Luis Potosí,22.149093,-100.889863,180.0,45321.12
House,Veracruz de Ignacio de la Llave,19.089373,-96.130805,168.0,94835.67
House,Querétaro,20.606224,-100.329168,165.0,97469.99
House,Yucatán,21.001256,-89.600723,325.0,183296.27
APARTMENT,Nuevo León,25.7302897,-100.3965403,160.0,104497.22
House,Puebla,19.004742,-98.235992,180.0,63223.78
House,Morelos,18.916586,-99.214371,272.0,262967.9
House,Puebla,19.063091,-98.296013,252.0,130873.22
APARTMENT,Distrito Federal,19.371321,-99.140985,84.0,93465.82
House,Yucatán,21.039522,-89.563911,178.0,60076.83
APARTMENT,Distrito Federal,19.465454,-99.162665,69.0,75375.18
House,Jalisco,20.700756,-103.333385,300.0,94308.8
House,Querétaro,20.549404,-100.378563,110.0,76395.4
House,Puebla,18.985191,-98.186447,148.0,105372.96
APARTMENT,Jalisco,20.67603,-103.425418,125.0,157479.9
House,Nayarit,21.525436,-104.923553,115.0,47429.08
APARTMENT,Chiapas,16.748743,-93.066491,73.0,43202.91
APARTMENT,Distrito Federal,19.432657,-99.177444,7500.0,135085.08
House,Estado de México,19.72876,-99.461708,236.0,237145.4
House,Veracruz de Ignacio de la Llave,25.51506,-103.413092,230.0,44783.51
House,Morelos,18.804197,-98.932816,117.0,65858.1
APARTMENT,San Luis Potosí,22.133104,-100.982117,100.0,53740.21
APARTMENT,Distrito Federal,19.400249,-99.177444,150.0,273969.71
House,Yucatán,21.03071,-89.618103,382.0,223970.65
House,Jalisco###,20.649154,-105.202538,90.0,33719.34
House,Baja California,32.426032,-117.033916,140.0,62570.46
House,Tamaulipas,26.058614,-98.322969,252.0,66933.76
House,Veracruz de Ignacio de la Llave,25.599048,-103.412397,189.0,64277.51
House,Tamaulipas,22.238298,-97.841892,200.0,110641.61
House,Puebla###,19.046561,-98.190349,110.0,100735.92
APARTMENT,Distrito Federal,19.451872,-99.173522,70.0,66911.83
House,Estado de México,19.253367,-99.606303,260.0,324021.87
House,Sonora,29.0287123,-110.97103,200.0,47417.83
APARTMENT,Distrito Federal,19.45569471,-99.16357613,76.0,121355.2
APARTMENT,Distrito Federal,19.336195,-99.23692,100.0,74920.17
House,San Luis Potosí,22.1564699,-100.9855409,110.0,39524.23
House,Yucatán,21.0634817,-89.6110378,296.0,137017.34
House,Yucatán,21.135925,-89.6446768,200.0,79029.72
House,Querétaro,20.547818,-100.407691,80.0,51632.75
House,Morelos,18.882725,-99.163605,112.0,86953.31
House,Tabasco,17.97423,-92.923836,60.0,34246.21
House,Chiapas,16.740764,-93.089951,148.0,84298.37
House,Distrito Federal,19.469688,-99.085456,248.0,176541.57
APARTMENT,Distrito Federal,19.27112369,-99.20883894,72.0,40645.77
House,Chiapas,16.76764,-93.178283,250.0,173865.39
House,Yucatán,20.9673702,-89.5925857,290.0,123315.6
House,Yucatán,21.017197,-89.574516,158.0,102763.0
House,Veracruz de Ignacio de la Llave,19.123617,-96.113161,220.0,99577.45
House,Distrito Federal,19.355938,-99.129918,200.0,315618.38
House,Yucatán,20.938659,-89.615316,8650.0,50052.15
House,Tamaulipas,22.270658,-97.849037,263.0,176541.57
House,Estado de México,19.64079,-99.098691,105.0,68492.42
APARTMENT,Puebla,19.011347,-98.246264,139.0,179134.04
House,Jalisco,20.647029,-103.454953,122.0,77975.99
House,Querétaro,20.705742,-100.444016,350.0,184446.42
House,Estado de México,19.54323,-99.222374,181.0,154950.94
House,Distrito Federal,19.373264,-99.104161,250.0,135430.6
APARTMENT,Distrito Federal,19.383952,-99.160229,100.0,174140.42
House,Chiapas,16.757278,-93.134056,298.0,181084.17
House,Tamaulipas,22.320061,-97.86808,67.0,35835.3
House,Estado de México,19.5896123,-99.2907617,60.0,34254.33
House,Baja California Sur,24.083153,-110.303329,65.0,33358.45
House,Veracruz de Ignacio de la Llave,19.144342,-96.139002,140.0,68492.42
House,Hidalgo,20.1010608,-98.7591311,320.0,192305.66
House,Veracruz de Ignacio de la Llave,18.1495449,-94.5140773,104.0,57955.13
APARTMENT,Distrito Federal,19.333901,-99.240356,85.0,179134.04
APARTMENT,Distrito Federal###,19.390031,-99.174182,108.0,209692.2
APARTMENT,Distrito Federal,19.365834,-99.263505,126.0,180187.77
House,Yucatán,20.9637793,-89.6612548,249.0,44783.51
APARTMENT,Estado de México,19.404701,-99.292419,300.0,284047.49
House,Veracruz de Ignacio de la Llave,18.879525,-96.921847,123.0,55320.8
House,Puebla,18.978682,-98.250015,162.0,88513.29
House,Querétaro,20.6205869,-100.388042,322.0,209955.63
APARTMENT,Nuevo León,25.654263,-100.297874,114.0,55333.92
House,Estado de México,19.180459,-99.590174,175.0,134382.39
APARTMENT,Durango,24.010702,-104.613602,88.0,43213.16
APARTMENT,Distrito Federal,19.474655,-99.189277,3000.0,40041.72
APARTMENT,Querétaro,20.65449,-100.384446,160.0,250320.14
House,Veracruz de Ignacio de la Llave###,25.569556,-103.383702,244.0,101158.04
House,Morelos,18.813505,-98.953514,66.0,34246.21
APARTMENT,Tabasco,17.972448,-92.960579,104.0,57968.87
House,Veracruz de Ignacio de la Llave,19.165146,-96.160652,220.0,139619.18
APARTMENT,Distrito Federal,19.3499358,-99.2906864,78.0,147557.13
House,Morelos,18.948109,-99.26886,200.0,155461.98
House,Querétaro,20.5887932,-100.3898881,334.0,279238.36
APARTMENT,Distrito Federal,19.406592,-99.155442,90.0,224660.17
House,Distrito Federal,19.318989,-99.094437,100.0,98523.72
House,Querétaro,20.712143,-100.454275,230.0,152790.8
House,Yucatán,21.01429,-89.605148,280.0,144922.18
House,Veracruz de Ignacio de la Llave,19.173773,-96.1342241,160.0,52686.48
House,Veracruz de Ignacio de la Llave,19.139896,-96.109911,163.0,68492.42
House,Tamaulipas,22.270658,-97.849037,93.0,65873.72
APARTMENT,Querétaro,20.5887932,-100.3898881,178.0,316118.9
House,Veracruz de Ignacio de la Llave,19.142568,-96.125389,214.0,92728.21
House,Morelos,18.970675,-99.288261,333.0,156742.28
House,Quintana Roo,20.65593,-87.05368,210.0,225024.63
House,Baja California Sur,24.143626,-110.336274,180.0,226551.88
APARTMENT,Veracruz de Ignacio de la Llave,19.125867,-96.106026,189.0,279238.36
House,Chihuahua,23.634501,-102.552788,200.0,42149.18
House,Jalisco,20.6081525,-103.3946675,150.0,43993.21
House,Morelos,18.927336,-99.213448,145.0,121178.91
House,Veracruz de Ignacio de la Llave,25.439677,-100.946717,172.0,90589.54
APARTMENT,Distrito Federal,19.472481,-99.182374,75.0,80635.87
House,Distrito Federal,19.325355,-99.232561,136.0,306635.33
House,Yucatán,21.072905,-89.65963,250.0,110641.61
House,San Luis Potosí,22.14691,-101.038651,245.0,144922.18
House,Morelos,18.879347,-99.179871,184.0,136984.85
House,Tabasco,18.03410232,-92.98419938,161.0,125950.55
House,Puebla,18.921051,-98.417053,116.0,91463.73
House,Puebla,19.014643,-98.170731,140.0,89588.26
House,Morelos,18.858107,-99.200287,78.0,34246.21
House,Morelos,18.945309,-99.22372,380.0,263432.41
House,Yucatán,21.0381057,-89.5933722,213.0,118572.7
APARTMENT,Nuevo León,25.651072,-100.342773,92.0,208160.96
House,Estado de México,19.499864,-99.050138,175.0,100104.31
House,Estado de México,19.555771,-99.248612,200.0,94256.11
House,Nuevo León,25.6769684,-100.4508956,107.0,50052.15
House,San Luis Potosí,22.14700093,-101.0172996,160.0,109587.88
House,Guerrero,16.867283,-99.867119,150.0,139619.18
APARTMENT,Yucatán,21.017197,-89.574516,66.0,83771.5
House,Hidalgo,20.06499132,-98.76800179,100.0,57955.13
House,Tamaulipas,22.266645,-97.870796,296.0,210745.93
House,Estado de México,18.948179,-99.482277,170.0,131716.2
APARTMENT,Yucatán,21.3421022,-89.2624626,202.0,210743.21
House,Puebla,19.044477,-98.328011,235.0,168636.73
House,Distrito Federal,19.2826778,-99.2090757,161.0,144887.83
APARTMENT,Distrito Federal,19.48888,-99.179278,70.0,51393.55
House,Chiapas,16.732222,-93.135307,240.0,131716.2
House,Veracruz de Ignacio de la Llave,23.634501,-102.552788,205.0,78766.29
House,Estado de México,19.6850991,-99.2113669,62.0,37943.26
House,Morelos,18.9212022,-99.1739857,125.0,62184.79
APARTMENT,Puebla,18.96785528,-98.28487086,127.0,176979.24
House,Nuevo León,25.723516,-100.393311,365.0,242415.29
House,Yucatán,21.0151423,-89.6551671,180.0,68245.17
APARTMENT,Distrito Federal,19.364891,-99.148384,62.0,84318.36
APARTMENT,Distrito Federal,19.426528,-99.196279,60.0,218648.9
APARTMENT,Estado de México,19.369319,-99.293444,150.0,128098.38
APARTMENT,Chiapas,16.745249,-93.152699,73.0,43202.91
APARTMENT,Distrito Federal,19.449392,-99.138544,65.0,42676.05
House,Querétaro,20.607178,-100.335754,104.0,77975.99
House,San Luis Potosí,22.16483221,-100.976522,125.0,51644.99
House,San Luis Potosí,22.16644588,-100.9547921,140.0,51644.99
House,Chiapas,16.771928,-93.105578,200.0,110667.85
House,Tamaulipas,22.246319,-97.86264,163.0,113302.8
House,Tlaxcala,19.312792,-98.216515,159.0,79029.72
House,Yucatán,21.039522,-89.563911,186.0,99577.45
House,Puebla,19.11055714,-98.28005165,120.0,65858.1
House,Estado de México,19.64443,-99.098587,75.0,37943.26
House,Veracruz de Ignacio de la Llave,25.502705,-103.408554,190.0,42969.88
House,Veracruz de Ignacio de la Llave,25.461545,-100.883958,170.0,124340.1
APARTMENT,Distrito Federal,19.478815,-99.196831,64.0,76395.4
House,Querétaro,20.611304,-100.386343,360.0,268701.06
House,Sonora,29.07683,-110.9871743,309.0,189716.32
APARTMENT,Guerrero,23.634501,-102.552788,178.0,237145.4
House,Yucatán,21.039522,-89.563911,215.0,98656.43
House,Nuevo León,25.74317303,-100.3723396,138.0,53225.96
APARTMENT,Morelos,18.97019398,-99.24238533,117.0,123813.23
House,Aguascalientes,21.88930425,-102.2563045,198.0,41105.2
APARTMENT,Distrito Federal,19.298168,-99.113106,83.0,177695.7
House,Nuevo León,25.67382016,-100.3135947,120.0,79048.46
House,Morelos,18.942068,-99.242531,200.0,184446.42
House,Veracruz de Ignacio de la Llave,25.558393,-103.385429,113.0,44941.57
House,Sinaloa,23.283125,-106.406723,9600.0,47417.83
House,Morelos,18.936026,-99.216217,286.0,209692.2
House,Distrito Federal,19.328833,-99.133163,140.0,123813.23
House,Distrito Federal,19.455385,-99.209835,216.0,84318.36
House,Puebla,19.071239,-98.273949,240.0,126447.56
House,Estado de México,19.501955,-99.226952,196.0,226551.88
House,Morelos,18.866121,-99.231445,180.0,147522.15
House,Querétaro,20.726007,-100.442642,330.0,194986.21
House,Yucatán,21.075163,-89.516731,192.0,92542.77
House,Tlaxcala,19.435802,-98.10286,135.0,41095.45
House,Yucatán,20.9731555,-89.6229189,250.0,84318.36
House,Estado de México,19.159458,-99.565956,79.0,37943.26
House,Puebla,19.0412967,-98.2061996,109.0,36889.28
House,Sinaloa,24.817956,-107.434033,146.0,64804.37
APARTMENT,Distrito Federal,19.36243,-99.176957,70.0,40568.59
APARTMENT,Distrito Federal,19.390062,-99.192293,64.0,94858.16
House,Nuevo León,25.7581963,-100.2665026,135.0,79029.72
House,Querétaro,20.556261,-100.370035,112.0,90620.75
House,Chiapas,16.744808,-93.179222,350.0,147557.13
APARTMENT,Quintana Roo,21.15007472,-86.83164597,165.0,121178.91
House,Yucatán,21.030668,-89.599258,350.0,221283.23
House,Morelos,18.864874,-98.925911,60.0,34246.21
APARTMENT,Distrito Federal###,19.463009,-99.131106,81.0,102738.64
House,Yucatán,21.30856674,-89.53033447,380.0,210795.91
House,Distrito Federal,19.33427,-99.083374,100.0,68492.42
APARTMENT,Distrito Federal,19.380937,-99.179545,98.0,197146.87
House,Veracruz de Ignacio de la Llave,19.109777,-96.106922,240.0,168596.74
House,Puebla,19.101185,-98.357062,90.0,42149.18
House,Yucatán,21.065001,-89.6239875,155.0,71143.62
House,Querétaro,20.646841,-100.376117,86.0,45310.37
House,Morelos,18.897581,-99.07093,306.0,208160.96
House,Yucatán,21.072905,-89.65963,171.0,94278.47
House,Morelos,18.917542,-98.963181,182.0,97469.99
APARTMENT,Distrito Federal,19.396018,-99.147827,70.0,183989.47
House,Puebla,19.051815,-98.277669,198.0,115910.26
APARTMENT,Distrito Federal,19.309208,-99.171906,70.0,77572.89
House,Yucatán,21.0506531,-89.5588406,16700.0,137017.34
House,Yucatán,21.34379622,-89.26205993,130.0,110404.35
House,Querétaro,20.587378,-100.418361,106.0,56637.97
APARTMENT,Nuevo León,25.721081,-100.345581,72.0,68421.05
House,Morelos,23.634501,-102.552788,360.0,278947.37
APARTMENT,Distrito Federal,19.394558,-99.129707,65.0,39904.74
House,Veracruz de Ignacio de la Llave,19.1680666,-96.160663,100.0,35263.16
House,Yucatán,21.0552216,-89.6583682,220.0,112473.68
House,Chihuahua,28.691416,-106.13604,236.0,110526.32
APARTMENT,Jalisco###,20.641428,-103.417295,85.0,88947.37
House,San Luis Potosí,22.126078,-100.944672,131.0,55000.0
House,Puebla,19.03642362,-98.19941841,337.0,163157.89
APARTMENT,Guerrero,16.851935,-99.844955,195.0,105263.16
House,Veracruz de Ignacio de la Llave,19.153019,-96.12487,207.0,144736.84
House,Nuevo León,25.75013289,-100.2701137,280.0,104736.84
APARTMENT,Estado de México,19.536253,-99.240456,99.0,65789.47
House,Chiapas,19.673779,-101.187927,210.0,136842.11
House,Baja California,32.4690603,-116.8196303,111.0,71911.21
House,Yucatán,21.030771,-89.646347,150.0,63157.89
House,Chiapas,16.717077,-93.162903,170.0,94736.84
APARTMENT,Distrito Federal,19.473001,-99.087491,79.0,35841.58
House,Yucatán,21.072905,-89.65963,190.0,97368.42
House,Yucatán,21.075163,-89.516731,300.0,115263.16
House,Guerrero,16.86597275,-99.87171739,300.0,131578.95
House,Veracruz de Ignacio de la Llave,25.582705,-103.376805,232.0,81578.95
House,Yucatán,21.017197,-89.574516,220.0,92105.26
House,Yucatán###,21.0399331,-89.5965747,240.0,99473.68
House,Morelos,18.893921,-99.221429,160.0,150000.0
House,Veracruz de Ignacio de la Llave,25.545829,-103.38708,115.0,57894.74
House,Quintana Roo,21.139086,-86.84964,290.0,118421.05
House,Chiapas,19.681248,-101.209167,180.0,71052.63
APARTMENT,Distrito Federal,19.271467,-99.146309,98.0,130842.11
House,Chiapas,19.724886,-101.118018,120.0,73684.21
House,Estado de México,19.420156,-99.249458,378.0,321052.63
House,Guanajuato,20.684505,-101.406695,280.0,189473.68
House,Distrito Federal,19.289286,-99.158066,140.0,124210.53
House,San Luis Potosí,22.150696,-101.010025,172.0,81052.63
House,Puebla,19.014643,-98.170731,286.0,260526.32
House,Morelos,18.93409,-99.254997,240.0,178947.37
House,Yucatán,21.0315095,-89.600513,325.0,186842.11
APARTMENT,Morelos,18.923538,-99.241848,110.0,57894.74
House,Querétaro,20.681293,-100.329622,155.0,97368.42
House,Morelos,18.821062,-98.949371,120.0,69473.68
House,Morelos,18.862602,-99.213448,145.0,97368.42
APARTMENT,Yucatán,21.018724,-89.589836,60.0,47105.26
House,Jalisco,20.569456,-103.50165,176.0,123684.21
APARTMENT,Distrito Federal,19.3934457,-99.1796926,100.0,279193.58
APARTMENT,Distrito Federal,19.436024,-99.15461,64.0,236842.11
APARTMENT,Distrito Federal,19.416294,-99.16748,117.0,289421.05
House,Morelos,18.859078,-99.176287,82.0,40000.0
House,Querétaro,20.394361,-99.973053,120.0,73684.21
House,Baja California,32.453504,-117.038495,111.0,71911.21
House,Estado de México,19.619862,-99.146996,75.0,37037.11
House,Nuevo León,25.6315927,-100.1953926,90.0,43157.89
APARTMENT,Quintana Roo,21.15958774,-86.82220861,145.0,166315.79
APARTMENT,Guerrero,16.86656582,-99.88082886,108.0,51578.95
APARTMENT,Jalisco,20.685983,-103.447155,64.0,77368.42
House,Yucatán,21.0751632,-89.5167298,252.0,103945.63
APARTMENT,Distrito Federal,19.376822,-99.174675,114.0,233473.68
APARTMENT,Puebla,19.0303511,-98.3143192,102.0,97368.42
House,Distrito Federal,19.433274,-99.210758,304.0,231478.95
APARTMENT,Distrito Federal,19.394358,-99.177444,100.0,229400.0
House,Yucatán,21.039522,-89.563911,146.0,76315.79
House,Puebla,18.984862,-98.222234,289.0,226315.79
House,Yucatán,21.072905,-89.65963,90.0,63157.89
House,Morelos,18.813908,-99.201675,67.0,34210.53
House,Yucatán###,21.0381057,-89.5933722,182.0,105000.0
House,Estado de México,19.28283025,-99.56667352,267.0,157894.74
House,Chihuahua,28.6464221,-106.0860628,233.0,155263.16
APARTMENT,Estado de México###,19.5652097,-99.2646998,87.0,97368.42
House,Estado de México,19.284855,-98.950752,80.0,69473.68
APARTMENT,Veracruz de Ignacio de la Llave,19.137135,-96.112946,110.0,57894.74
House,Jalisco,20.675995,-103.420837,220.0,213157.89
House,Tamaulipas,22.3151894,-97.8573594,318.0,47368.42
House,Quintana Roo,21.095711,-86.869343,147.0,98368.42
House,Baja California,32.509445,-116.985857,104.0,78947.37
House,Jalisco,20.616705,-103.413612,105.0,65789.47
House,Sinaloa,23.215713,-106.418182,315.0,252631.58
House,Yucatán,21.039522,-89.563911,277.0,147368.42
House,Yucatán,21.072905,-89.65963,201.0,75210.53
APARTMENT,Yucatán,21.015982,-89.705116,172.0,176315.79
House,Veracruz de Ignacio de la Llave,20.9638852,-97.4124504,88.0,44736.84
APARTMENT,Distrito Federal,19.4034054,-99.1825418,120.0,209311.05
House,Estado de México,19.536936,-99.22732,270.0,184210.53
APARTMENT,Distrito Federal,19.453142,-99.180214,68.0,52631.58
House,Veracruz de Ignacio de la Llave,19.14966827,-96.12028599,150.0,71052.63
House,Distrito Federal,19.3434214,-99.1294848,280.0,314736.84
House,Hidalgo,20.099826,-98.772656,140.0,51842.11
House,Distrito Federal###,19.473623,-99.124863,147.0,122419.26
House,Puebla,23.634501,-102.552788,173.0,139473.68
House,Querétaro,20.58787576,-100.446496,111.0,69684.21
House,Colima,19.232695,-103.696887,189.0,63157.89
House,Veracruz de Ignacio de la Llave,19.513165,-96.898109,130.0,118421.05
House,Hidalgo,23.634501,-102.552784,140.0,78947.37
House,Sinaloa,24.770091,-107.444782,155.0,76315.79
House,Tamaulipas,26.078394,-98.325452,80.0,44736.84
House,Nuevo León,25.626854,-100.188538,170.0,78947.37
APARTMENT,Quintana Roo,21.04980598,-86.85358784,178.0,205578.95
House,Chiapas,16.740425,-93.12841,170.0,94736.84
APARTMENT,Distrito Federal,19.395097,-99.150424,65.0,53102.79
House,Querétaro,20.7037,-100.462857,220.0,168421.05
House,Chihuahua,28.64073,-106.109581,300.0,197368.42
APARTMENT,Distrito Federal,19.305233,-99.12269,75.0,47631.58
APARTMENT,Estado de México,19.379597,-99.293808,80.0,166863.16
House,Durango,25.553129,-103.510059,187.0,42105.26
APARTMENT,Morelos,18.93409,-99.254997,130.0,94736.84
House,Distrito Federal,19.346687,-99.011513,115.0,89210.53
House,Guerrero,16.838398,-99.897744,113.0,97368.42
House,Sinaloa,24.8427771,-107.3931108,117.0,47368.42
House,Quintana Roo,21.101317,-86.862888,182.0,134210.53
House,Quintana Roo,21.164147,-86.868479,330.0,197982.11
APARTMENT,Nuevo León,25.647146,-100.356804,100.0,200000.0
House,Nuevo León,25.64423457,-100.2966356,228.0,142105.26
House,Sonora,29.0904798,-110.9747137,298.0,184210.53
APARTMENT,Distrito Federal,19.405298,-99.164986,74.0,225263.16
APARTMENT,Distrito Federal,19.377171,-99.188503,75.0,106736.84
House,Morelos,18.892714,-99.1996,90.0,57894.74
House,Estado de México,19.636706,-99.101569,250.0,131578.95
House,Yucatán,21.039522,-89.563911,274.0,152368.42
House,Veracruz de Ignacio de la Llave,18.134026,-94.476112,235.0,165789.47
House,Yucatán,21.07671918,-89.62775633,155.0,67894.74
APARTMENT,Distrito Federal,19.401509,-99.154034,90.0,116403.58
House,Tabasco,18.072582,-93.165413,350.0,66315.79
House,Yucatán,21.072905,-89.65963,190.0,97368.42
House,San Luis Potosí,22.148722,-101.00119,190.0,115789.47
House,Baja California,32.494743,-117.016784,92.0,51578.95
House,San Luis Potosí,22.18978923,-100.9525537,138.0,50000.0
House,Puebla,18.96295456,-98.27967882,222.0,151578.95
House,Morelos,18.8859084,-99.19064,110.0,86842.11
House,Chihuahua,28.643902,-106.130157,355.0,260526.32
APARTMENT,Distrito Federal,19.347683,-99.165877,135.0,236842.11
APARTMENT,Distrito Federal,19.375374,-99.137657,110.0,77894.74
House,Distrito Federal,19.52395,-99.152881,95.0,147631.58
House,Guerrero,16.757619,-99.767532,140.0,144736.84
House,Yucatán,21.075163,-89.516731,197.0,91052.63
House,Puebla,19.02038,-98.207626,380.0,205263.16
House,Aguascalientes,21.9243493,-102.2833909,140.0,35789.47
House,Quintana Roo,21.1351429,-86.837489,80.0,44736.84
APARTMENT,Distrito Federal,19.39365,-99.14769,75.0,157489.47
House,Nuevo León,25.733049,-100.22847,200.0,69473.68
House,Baja California Sur,24.141701,-110.347267,275.0,184210.53
House,Estado de México,19.672207,-99.015656,122.0,139473.68
House,Yucatán,21.00227,-89.5650908,131.0,69578.95
House,Quintana Roo,20.680066,-87.038345,208.0,176842.11
APARTMENT,Guerrero,16.86483064,-99.87526059,61.0,44736.84
House,Jalisco,20.760167,-103.379168,83.0,44736.84
House,Tlaxcala,19.341597,-98.215828,180.0,168421.05
House,Veracruz de Ignacio de la Llave,25.596904,-103.4203,118.0,44736.84
House,Estado de México,19.650003,-99.220367,245.0,100000.0
House,Tamaulipas,22.2331041,-97.861099,130.0,92105.26
House,Nuevo León,25.723276,-100.401518,278.0,240526.32
House,Puebla,19.044477,-98.328011,260.0,236842.11
House,Estado de México,19.562922,-99.254974,120.0,45789.47
APARTMENT,Nuevo León,25.580088,-100.239685,130.0,104210.53
House,Morelos,23.634501,-102.552788,290.0,221052.63
House,Estado de México,19.404718,-99.263313,139.0,252631.58
House,Querétaro,20.675023,-100.457086,304.0,273684.21
House,Estado de México,19.532259,-99.23214,220.0,204000.0
House,Tamaulipas,22.313122,-97.858559,9650.0,50000.0
House,Tamaulipas,22.29275303,-97.89062485,88.0,60526.32
House,Morelos,18.864874,-98.925911,130.0,86842.11
House,Querétaro,20.726007,-100.442642,290.0,199473.68
House,Nayarit,20.7204378,-105.2706825,152.0,65789.47
House,Veracruz de Ignacio de la Llave,19.1368849,-96.1093008,130.0,57894.74
APARTMENT,Estado de México,19.291351,-99.668945,85.0,48000.0
APARTMENT,Quintana Roo,21.152496,-86.869834,99.0,147368.42
House,Puebla,19.027103,-98.270025,166.0,83157.89
House,Morelos,18.813505,-98.953514,140.0,63157.89
House,Yucatán,21.039522,-89.563911,253.0,120263.16
House,Morelos,18.804409,-98.959038,230.0,65789.47
House,Nuevo León,25.584658,-100.257912,350.0,262631.58
House,Jalisco,20.763189,-103.389053,95.0,81578.95
House,Distrito Federal,19.383512,-99.084804,115.0,94210.53
House,Aguascalientes,21.93248,-102.297005,305.0,192105.26
House,San Luis Potosí,22.133745,-101.016029,126.0,113105.26
APARTMENT,Puebla,19.054064,-98.245911,87.0,46973.68
House,Puebla,19.0303511,-98.3143192,122.0,113684.21
House,Estado de México,19.550089,-99.214828,87.0,51000.0
House,Morelos,18.8879389,-99.0247871,76.0,68421.05
House,Yucatán,21.030668,-89.599258,144.0,86789.47
House,Distrito Federal,19.353592,-99.177275,360.0,230842.11
House,Yucatán,21.01144518,-89.57977295,222.0,113157.89
House,Estado de México,19.415097,-98.918523,85.0,49473.68
House,Distrito Federal,19.471368,-99.08649,280.0,141052.63
House,Baja California,32.469454,-117.003688,93.0,89421.05
House,Yucatán,21.039522,-89.563911,181.0,97894.74
House,Quintana Roo,20.6295586,-87.0738851,143.0,127894.74
House,Veracruz de Ignacio de la Llave,19.17078,-96.12487,380.0,236842.11
House,Chiapas,16.756552,-93.181732,326.0,192217.47
House,Querétaro,20.5745579,-100.4129676,160.0,194736.84
House,Jalisco,20.62192,-103.259237,250.0,110526.32
APARTMENT,Yucatán,21.06334852,-89.61303592,60.0,46789.47
House,Nuevo León,25.749624,-100.304192,172.0,121052.63
House,Distrito Federal,19.358008,-99.127094,95.0,101157.89
House,Chiapas###,19.701565,-101.270798,250.0,63157.89
House,Veracruz de Ignacio de la Llave,18.1479784,-94.4626507,157.0,121052.63
House,Morelos,18.919898,-98.978835,190.0,97368.42
House,Veracruz de Ignacio de la Llave,19.074387,-96.086259,245.0,151315.79
House,Guerrero,16.758724,-99.767563,142.0,100000.0
House,Estado de México,19.650003,-99.220367,132.0,137105.26
House,Estado de México,19.72876,-99.461708,90.0,70263.16
House,Jalisco,23.634501,-102.552788,127.0,84210.53
House,Yucatán,20.999449,-89.6334,300.0,228947.37
House,Puebla,19.105051,-98.243682,170.0,97368.42
APARTMENT,Yucatán,21.0381057,-89.5933722,186.0,148739.68
House,Veracruz de Ignacio de la Llave,19.136782,-96.123543,210.0,89473.68
House,Baja California,32.63496,-115.391907,110.0,102631.58
House,Yucatán,21.039522,-89.563911,223.0,125926.68
House,Veracruz de Ignacio de la Llave,25.535009,-103.302429,350.0,42105.26
House,Veracruz de Ignacio de la Llave,25.659972,-103.366303,170.0,49473.68
House,Morelos,18.867191,-99.180214,184.0,86842.11
House,Querétaro,20.6962084,-100.4506587,120.0,76315.79
House,Distrito Federal,19.285162,-99.194185,150.0,110000.0
House,Estado de México,19.497893,-99.244125,250.0,234210.53
APARTMENT,Guerrero,23.634501,-102.552788,170.0,157894.74
House,Sonora,23.634501,-102.552788,383.0,184210.53
House,Querétaro,20.389062,-99.957622,95.0,48947.37
APARTMENT,Guerrero,16.828667,-99.858981,137.0,97368.42
House,Morelos,18.864874,-98.925911,121.0,65789.47
House,Distrito Federal,19.342911,-99.224472,120.0,171949.05
House,Sonora,29.063726,-110.976746,102.0,57894.74
House,Nuevo León,25.801826,-100.196945,190.0,104736.84
House,Querétaro,20.5951924,-100.3479663,180.0,120000.0
House,Puebla,19.059084,-98.286095,165.0,94736.84
House,Estado de México,23.634501,-102.552788,150.0,35368.42
House,Yucatán,21.0278699,-89.5880314,240.0,184210.53
House,Morelos,18.91473109,-98.94081116,140.0,118421.05
House,Yucatán,20.968147,-89.629875,70.0,78947.37
House,Nuevo León,25.674595,-100.463539,234.0,113157.89
House,Yucatán,21.039522,-89.563911,220.0,118421.05
House,Morelos,18.850763,-98.943855,160.0,84210.53
House,Querétaro,20.726007,-100.442642,250.0,194736.84
House,Tamaulipas,22.270658,-97.849037,380.0,263157.89
House,Jalisco,20.748312,-103.429504,96.0,77631.58
House,Querétaro,20.614635,-100.416756,139.0,92105.26
House,Yucatán,21.039522,-89.563911,220.0,94210.53
House,Nuevo León,25.723516,-100.393311,290.0,181263.16
House,Veracruz de Ignacio de la Llave,19.563767,-96.938694,300.0,228947.37
House,Yucatán,20.968791,-89.5857147,228.0,66526.32
APARTMENT,Estado de México,19.3735635,-99.2965778,126.0,142105.26
House,Tamaulipas,22.2453265,-97.8431699,131.0,73684.21
APARTMENT,Distrito Federal,19.303392,-99.243225,80.0,52428.26
House,Jalisco,20.749051,-103.66731,300.0,147368.42
House,Veracruz de Ignacio de la Llave,26.847851,-101.424133,160.0,67026.32
House,Baja California,23.634501,-102.552788,115.0,42631.58
APARTMENT,Puebla,19.02038,-98.207626,219.0,101315.79
House,Hidalgo,20.0519991,-98.755252,110.0,44736.84
House,Distrito Federal,19.399652,-99.16127,235.0,205263.16
House,Durango,24.043295,-104.636917,350.0,236842.11
House,Querétaro,20.574251,-100.388476,195.0,63157.89
APARTMENT,Distrito Federal,19.482603,-99.194748,60.0,78947.37
House,Morelos,18.953268,-99.224525,201.0,78947.37
APARTMENT,Morelos,18.891611,-99.221756,93.0,49473.68
APARTMENT,San Luis Potosí,22.1441622,-101.0358237,160.0,89421.05
House,Estado de México,19.2693686,-99.6021262,250.0,294736.84
House,Yucatán,21.0749983,-89.5195181,242.0,101884.21
House,Puebla,18.462721,-97.414111,250.0,144736.84
House,Estado de México,19.595285,-99.050201,120.0,36842.11
House,Sinaloa,24.79119169,-107.3835468,300.0,144736.84
House,Distrito Federal###,19.500286,-99.122093,180.0,118421.05
House,Yucatán,21.072905,-89.65963,253.0,110526.32
House,Tlaxcala,19.4171734,-98.1434147,140.0,44736.84
House,Yucatán,21.008295,-89.591019,250.0,158210.53
House,Morelos,18.864482,-98.928802,121.0,65789.47
House,Chiapas,16.757278,-93.134056,255.0,165043.74
House,Nayarit,20.697244,-105.274384,160.0,155263.16
House,Puebla,19.02038,-98.207626,330.0,184210.53
House,Quintana Roo,21.1773896,-86.8179603,290.0,118421.05
House,Guerrero,16.855229,-99.918871,150.0,57894.74
House,Distrito Federal,19.313719,-99.231792,300.0,103684.21
House,Durango,25.58972991,-103.4631872,118.0,50000.0
House,Quintana Roo,21.161908,-86.8515279,204.0,157368.42
APARTMENT,Distrito Federal,19.39912,-99.141464,74.0,175368.42
House,Yucatán,21.05632272,-89.66288656,220.0,105263.16
House,Estado de México,19.5139313,-99.2281847,160.0,106368.42
House,Sinaloa,23.270559,-106.389061,158.0,71052.63
House,Baja California Sur,23.634501,-102.552788,80.0,50000.0
APARTMENT,Guerrero,16.85952231,-99.86284733,142.0,110526.32
House,Morelos,18.884224,-98.982506,150.0,46315.79
House,Veracruz de Ignacio de la Llave,25.55617,-103.481529,307.0,110526.32
House,Veracruz de Ignacio de la Llave,25.573046,-103.443045,200.0,35789.47
House,Tamaulipas,22.254078,-97.824554,140.0,60526.32
House,Chiapas,16.766455,-93.111488,240.0,67368.42
House,Querétaro,20.545198,-100.407191,140.0,55263.16
House,San Luis Potosí,22.18774276,-100.9580845,200.0,67631.58
APARTMENT,San Luis Potosí,22.133104,-100.982117,130.0,72631.58
House,Tamaulipas,26.079573,-98.282845,268.0,115789.47
APARTMENT,Veracruz de Ignacio de la Llave,19.127317,-96.106186,160.0,152631.58
APARTMENT,Distrito Federal###,19.340305,-99.214455,60.0,121052.63
House,Estado de México,19.517476,-99.272892,170.0,97894.74
House,Estado de México,19.69323,-99.22522,70.0,53097.89
House,Distrito Federal,19.325944,-99.098311,250.0,107894.74
House,Jalisco,20.621093,-103.319042,380.0,194736.84
House,Puebla,18.978682,-98.250015,128.0,68421.05
House,Querétaro,20.619887,-100.392302,350.0,194736.84
House,Morelos,18.892714,-99.1996,285.0,197368.42
House,Tamaulipas,22.329824,-97.880325,200.0,184210.53
APARTMENT,Distrito Federal,19.322523,-99.141464,78.0,150000.0
House,Veracruz de Ignacio de la Llave,20.95062266,-97.42163144,64.0,44736.84
House,Yucatán,20.9725515,-89.6004394,229.0,51578.95
House,Distrito Federal,19.317675,-99.09318,229.0,184210.53
House,Morelos,18.879347,-99.179871,95.0,71052.63
APARTMENT,Distrito Federal,19.401507,-99.14682,90.0,91052.63
APARTMENT,Distrito Federal,19.474285,-99.084981,74.0,36000.0
House,Morelos,18.928623,-99.247382,220.0,89473.68
House,Querétaro###,20.520556,-99.895833,350.0,205263.16
House,Nuevo León,25.662563,-100.18013,350.0,157894.74
House,Sinaloa,23.246303,-106.398103,200.0,52631.58
House,Morelos,18.969294,-99.249802,198.0,136842.11
APARTMENT,Guerrero,16.75063911,-99.76263069,70.0,43684.21
House,Distrito Federal,19.335116,-99.223332,90.0,171578.95
House,Estado de México,19.682219,-99.118782,188.0,163157.89
House,Querétaro,20.5980665,-100.4308988,115.0,71052.63
House,Nuevo León,25.672399,-100.257777,123.0,64210.53
APARTMENT,Distrito Federal,19.399815,-99.150806,90.0,120000.0
House,Yucatán,20.9550515,-89.6793392,120.0,41052.63
APARTMENT,Jalisco,20.69064,-103.393175,166.0,274592.89
House,Querétaro,20.726007,-100.442642,295.0,273684.21
APARTMENT,Baja California,32.451368,-116.973935,70.0,36092.11
House,Aguascalientes,21.901482,-102.34405,350.0,202631.58
House,Jalisco,20.302476,-103.23781,340.0,313105.26
House,Distrito Federal,19.3176966,-99.0612554,100.0,109210.53
House,Quintana Roo,21.129547,-86.817017,180.0,97368.42
House,Puebla,19.046724,-98.254127,136.0,120252.63
APARTMENT,Distrito Federal,19.352431,-99.288369,80.0,152631.58
House,Querétaro,20.6536084,-100.3469826,130.0,88947.37
House,Nuevo León,25.7542524,-100.4034274,137.0,71052.63
House,Morelos,18.891621,-99.071698,68.0,41578.95
House,Distrito Federal,19.317653,-99.236291,350.0,176315.79
House,Tamaulipas,22.246319,-97.86264,163.0,113157.89
APARTMENT,Distrito Federal,23.634501,-102.552788,100.0,78947.37
House,Querétaro,20.593055,-100.333424,175.0,94736.84
House,Jalisco,20.594706,-103.396278,90.0,51578.95
House,Veracruz de Ignacio de la Llave,23.634501,-102.552788,148.0,81578.95
House,Puebla,18.989918,-98.2295,220.0,89473.68
House,Hidalgo,20.1213329,-98.7818531,66.0,34210.53
House,Nayarit###,20.733392,-105.288009,172.0,118421.05
APARTMENT,Distrito Federal,19.400249,-99.177444,150.0,273684.21
House,Yucatán,21.023252,-89.614571,300.0,163157.89
House,Hidalgo,20.124367,-98.735725,176.0,82473.68
House,Veracruz de Ignacio de la Llave,25.510947,-103.357724,146.0,47368.42
APARTMENT,Distrito Federal,19.480501,-99.178139,70.0,45789.47
House,Yucatán,21.030668,-89.599258,305.0,189473.68
House,Aguascalientes,21.9633957,-102.343524,146.0,41578.95
House,Baja California,32.469498,-116.96022,111.0,34210.53
House,Tamaulipas,22.329824,-97.880325,138.0,83157.89
APARTMENT,Yucatán,21.039522,-89.563911,145.0,126296.53
APARTMENT,Guerrero,16.870413,-99.873192,150.0,192105.26
House,Estado de México,19.765149,-98.646915,380.0,104736.84
APARTMENT,Distrito Federal,19.372248,-99.133377,65.0,56571.16
House,Distrito Federal,19.280767,-99.033615,349.0,95343.42
House,Yucatán,21.039522,-89.563911,350.0,160526.32
House,Puebla,19.009069,-98.196693,148.0,89473.68
House,Baja California,32.494823,-117.016725,92.0,51578.95
APARTMENT,Distrito Federal,19.314545,-99.140672,122.0,244736.84
House,San Luis Potosí,22.1447396,-101.0273412,166.0,100000.0
House,Jalisco,20.64338,-103.431613,120.0,71052.63
House,Baja California,30.733356,-115.984407,200.0,89473.68
House,Estado de México,19.553615,-99.248715,260.0,147368.42
APARTMENT,Distrito Federal,19.405298,-99.164986,80.0,225263.16
House,Querétaro,20.5969621,-100.3337597,193.0,118421.05
House,Distrito Federal,19.34016,-99.194081,90.0,79953.95
House,Yucatán,21.075163,-89.516731,185.0,75263.16
House,Tamaulipas,22.257896,-97.86808,200.0,142105.26
APARTMENT,Guerrero,16.8531086,-99.8236533,138.0,68421.05
House,Puebla,19.027384,-98.265213,160.0,121052.63
House,Sinaloa,23.20485,-106.424401,200.0,118421.05
House,Yucatán,21.0399331,-89.5965747,235.0,128218.68
House,Guerrero,16.8808724,-99.9359641,104.0,44736.84
House,Baja California Sur,24.125583,-110.330846,128.0,94210.53
APARTMENT,Distrito Federal,19.41498,-99.177444,164.0,289473.68
House,Morelos,18.954132,-99.266083,85.0,55263.16
House,Estado de México,19.494789,-99.270887,151.0,105789.47
APARTMENT,Distrito Federal,19.377171,-99.188503,72.0,106736.84
House,Jalisco,20.660534,-103.318809,345.0,68421.05
House,Veracruz de Ignacio de la Llave,20.95618,-97.408578,5600.0,105263.16
APARTMENT,Distrito Federal,19.443178,-99.20237,115.0,238684.21
House,Tabasco,17.962037,-92.973569,139.0,65789.47
APARTMENT,Veracruz de Ignacio de la Llave,20.949051,-97.364006,300.0,194736.84
House,Estado de México,19.627731,-99.30194,146.0,45789.47
House,Baja California Sur,24.03902146,-110.3097618,250.0,155263.16
House,Quintana Roo,21.112447,-86.85264,180.0,131578.95
APARTMENT,Distrito Federal,19.451872,-99.173522,70.0,66842.11
House,Morelos,18.913485,-99.240456,80.0,68421.05
APARTMENT,Distrito Federal,19.385989,-99.186285,107.0,79342.11
House,Chihuahua,28.6329957,-106.0691004,290.0,195526.32
APARTMENT,Distrito Federal,19.401507,-99.14682,65.0,91052.63
House,Morelos,18.795519,-99.231445,165.0,93684.21
House,Querétaro,20.403807,-99.990905,110.0,62105.26
House,Estado de México,19.5562275,-99.2674713,64.0,52631.53
House,San Luis Potosí,22.1593377,-101.0443504,187.0,100000.0
House,Distrito Federal,19.475765,-99.145,270.0,131578.95
House,Querétaro,20.6490506,-100.4393293,380.0,300000.0
House,Puebla,19.060701,-98.329774,255.0,139473.68
House,Veracruz de Ignacio de la Llave###,25.365447,-100.9942,167.0,76000.0
APARTMENT,Guerrero,23.634501,-102.552788,180.0,105263.16
House,Baja California,32.589504,-115.363762,86.0,41578.95
APARTMENT,Distrito Federal,19.383952,-99.160229,110.0,176327.37
House,Puebla,18.97302,-98.206238,210.0,150000.0
APARTMENT,Baja California Sur,24.16478214,-110.3053683,71.0,42105.26
APARTMENT,Yucatán,21.072905,-89.65963,210.0,104013.16
House,Nuevo León,25.758963,-100.316811,175.0,65789.47
House,Distrito Federal,19.3870644,-99.0362059,300.0,134210.53
House,Estado de México,19.5329337,-99.164866,290.0,244736.84
House,Tlaxcala,19.29712,-98.255075,160.0,68421.05
House,Morelos,23.634501,-102.552788,110.0,68421.05
House,Querétaro,20.70706703,-100.4718161,309.0,194736.84
House,Nuevo León,25.7394971,-100.2754971,164.0,65789.47
House,Veracruz de Ignacio de la Llave,19.100079,-96.121007,220.0,150000.0
House,Guanajuato,21.1264477,-101.611078,250.0,120526.32
House,Morelos,18.917542,-98.963181,140.0,76315.79
House,Distrito Federal,19.472128,-99.146697,190.0,102263.16
House,Puebla,18.9187144,-98.4266391,90.0,46842.11
APARTMENT,Distrito Federal,19.52589,-99.151703,71.0,48550.59
APARTMENT,Veracruz de Ignacio de la Llave,19.511938,-96.871956,84.0,68508.67
House,Quintana Roo,21.129547,-86.817017,179.0,121207.64
House,Guanajuato,21.003574,-101.285683,205.0,226869.1
House,Chiapas,19.667873,-101.233465,130.0,76395.4
APARTMENT,Distrito Federal,19.443178,-99.144234,67.0,50052.15
APARTMENT,Distrito Federal,19.396593,-99.133163,80.0,51076.22
House,Nuevo León,25.625994,-100.283852,367.0,216014.58
APARTMENT,Distrito Federal,19.524143,-99.160149,60.0,34246.21
APARTMENT,Distrito Federal,19.386959,-99.219492,120.0,100104.31
House,Veracruz de Ignacio de la Llave,20.949741,-97.396337,320.0,158059.45
House,Morelos,18.920345,-99.235603,122.0,103500.79
APARTMENT,Guerrero,16.863794,-99.881614,191.0,237145.4
House,Veracruz de Ignacio de la Llave,19.136782,-96.123543,220.0,104319.23
APARTMENT,Distrito Federal,19.403334,-99.145021,153.0,65633.66
House,Yucatán,21.0411724,-89.5550539,205.0,90115.25
House,Baja California,32.425724,-117.034189,115.0,62585.3
House,Estado de México,19.484794,-98.874065,260.0,91674.48
APARTMENT,Distrito Federal,19.378533,-99.187561,107.0,79443.7
House,Nuevo León,25.740887,-100.385582,192.0,115910.26
House,Chiapas,16.769737,-93.088928,106.0,52686.48
House,Jalisco,20.650429,-103.374611,190.0,150192.08
APARTMENT,Distrito Federal,19.387613,-99.202726,103.0,50942.31
House,Morelos,18.890867,-99.177444,171.0,105397.95
APARTMENT,Distrito Federal,19.413079,-99.174228,140.0,273969.71
House,Distrito Federal,19.410826,-99.143757,160.0,157532.58
House,Morelos,18.900852,-99.213448,200.0,173865.39
APARTMENT,Distrito Federal,19.428767,-99.1459,75.0,56689.55
APARTMENT,Estado de México,19.531834,-99.240456,117.0,144922.18
House,Morelos,18.818652,-98.936752,293.0,110667.85
House,Veracruz de Ignacio de la Llave,23.634501,-102.552788,233.0,99577.45
House,Quintana Roo,21.137991,-86.870964,280.0,92201.34
House,San Luis Potosí,22.169217188,-101.0471907892,190.0,99050.58
House,Estado de México,19.101794,-98.87164,300.0,52686.48
House,Veracruz de Ignacio de la Llave,19.517859,-96.891403,180.0,123842.59
House,Distrito Federal,19.2790911,-99.2114234,117.0,142253.5
APARTMENT,Oaxaca,15.752900306,-96.1357247829,83.0,68245.17
APARTMENT,Distrito Federal,19.302422,-99.230829,104.0,103370.88
House,Distrito Federal,19.343664,-99.212308,350.0,242357.82
APARTMENT,Guerrero,16.868438,-99.89028,100.0,79029.72
House,Morelos,18.93409,-99.254997,198.0,123813.23
House,Puebla,19.043223,-98.268716,168.0,92201.34
APARTMENT,Puebla,19.0527224248,-98.2346042991,75.0,81683.41
APARTMENT,Distrito Federal,19.395097,-99.150424,80.0,53158.13
House,Puebla,18.9915056,-98.2181614,152.0,105397.95
APARTMENT,San Luis Potosí,22.125832,-101.035118,144.0,100128.05
House,Guanajuato,20.703063,-101.339442,90.0,55320.8
House,Chiapas,19.670241,-101.190542,190.0,165962.42
House,Yucatán,20.9591553064,-89.627494812,6750.0,89587.99
House,Jalisco,20.635013,-103.42725,200.0,120652.04
APARTMENT,Estado de México,19.508253,-99.254997,113.0,153686.47
House,Puebla,18.9802279987,-98.2865452766,272.0,210795.91
House,Yucatán,21.0181429,-89.6396127,180.0,72724.58
House,Chihuahua,28.6275048,-106.0401387,212.0,44256.64
House,Distrito Federal,19.410632,-99.13847,140.0,162801.23
House,Chihuahua,28.6103324259,-106.1123085022,200.0,134382.39
House,Baja California Sur,23.634501,-102.552788,100.0,44730.82
APARTMENT,Tabasco,17.928942,-92.912029,67.0,35826.8
House,Jalisco,20.572651,-103.474675,270.0,250260.79
House,Nuevo León,25.7815621,-100.1875974,108.0,35036.51
House,Querétaro,20.543838,-100.412211,145.0,115910.26
House,Veracruz de Ignacio de la Llave,19.1564195,-96.111619,190.0,124633.08
House,Distrito Federal,19.275725,-99.129684,80.0,132559.19
House,Querétaro,20.570164,-100.363823,135.0,78521.47
House,Morelos,18.926468,-99.214211,340.0,289775.66
APARTMENT,Distrito Federal,19.368553,-99.178235,174.0,89430.16
House,Querétaro,20.5828187131,-100.417855382,93.0,59022.85
House,Chiapas,16.770111,-93.08167,144.0,71126.75
House,Morelos,18.9015371,-98.9336558,200.0,123842.59
House,Querétaro,20.5198184,-100.3933074,123.0,85178.23
House,Morelos,18.890867,-99.177444,150.0,86932.69
House,Estado de México,19.682383,-98.984458,74.0,33350.54
House,Querétaro,20.582091,-100.391196,300.0,237089.17
APARTMENT,Puebla,19.0733273,-98.2658243,164.0,184446.42
House,Quintana Roo,21.161908,-86.8515279,220.0,136984.85
House,Morelos,18.795519,-99.231445,71.0,36353.67
House,Veracruz de Ignacio de la Llave###,25.484016,-100.966568,290.0,115910.26
House,Querétaro,20.536322,-100.436844,280.0,205477.28
House,Distrito Federal,19.343424,-99.135933,182.0,68492.42
House,Colima,19.274727,-103.74485,329.0,104343.97
House,Querétaro,20.5412697,-100.3997814,110.0,59022.85
House,Nuevo León,25.7296370244,-100.2941036224,310.0,237145.4
APARTMENT,Distrito Federal,19.368475,-99.17952,81.0,149629.61
House,Distrito Federal,19.285891,-99.108269,210.0,85949.19
House,Querétaro,20.5426931,-100.4512523,260.0,122525.12
House,Veracruz de Ignacio de la Llave,19.0652948,-96.069905,239.0,138334.81
House,Jalisco,20.6129,-103.464564,275.0,163328.09
APARTMENT,Puebla,18.983398,-98.288951,192.0,121207.64
House,Chiapas,19.657836,-101.184317,260.0,68492.42
House,Yucatán,21.03071,-89.618103,126.0,77467.49
House,Chiapas,19.710472,-101.222626,190.0,63223.78
House,Jalisco,20.726262,-103.468575,206.0,168596.74
House,Veracruz de Ignacio de la Llave,19.137135,-96.112946,125.0,60589.45
House,Estado de México,19.5224623443,-99.2515909641,210.0,202842.96
House,Hidalgo,20.092012,-98.741743,116.0,84087.62
House,Baja California,32.601212,-115.474838,102.0,33982.78
House,Chiapas,16.765467,-93.105786,370.0,192305.66
APARTMENT,Puebla,18.989942,-98.247486,100.0,55847.67
House,Veracruz de Ignacio de la Llave,18.898756,-96.998779,130.0,68492.42
House,Veracruz de Ignacio de la Llave,19.119549,-96.107643,232.0,125393.83
House,Distrito Federal,19.353288,-99.244721,90.0,136405.3
House,San Luis Potosí,22.1385005078,-100.9965722937,168.0,104319.23
House,Sonora,29.083198,-110.993222,162.0,57955.13
House,Puebla,19.044477,-98.328011,165.0,111331.75
House,Nuevo León,25.758372724,-100.2713531256,98.0,43213.16
House,Estado de México,19.5562275,-99.2674713,150.0,205526.01
APARTMENT,Distrito Federal,19.345528,-99.189906,60.0,46943.65
House,Puebla,19.03362,-98.203294,156.0,99577.45
House,Estado de México,19.229864,-99.597954,256.0,184446.42
House,Yucatán,21.039522,-89.563911,330.0,171271.67
House,Morelos,18.936026,-99.216217,220.0,205477.28
House,Tabasco,18.053865,-92.937809,182.0,81664.04
House,Yucatán,20.9968241,-89.5846761,164.0,62711.78
House,Yucatán,20.984423,-89.579231,162.0,47417.83
House,Distrito Federal,19.40112,-99.06707,317.0,173906.62
House,Querétaro,20.705742,-100.444016,185.0,146995.28
House,Sinaloa,24.813503,-107.371574,220.0,184446.42
APARTMENT,Morelos,18.935198,-99.232834,91.0,101182.03
APARTMENT,Quintana Roo,21.1672703,-86.8414848,120.0,163366.83
House,Morelos,18.948607,-99.243812,180.0,184446.42
House,Morelos,18.95299,-99.259592,180.0,102738.64
House,Morelos,18.8816687,-99.1632665,90.0,68245.17
House,Querétaro,20.5884382058,-100.4006266594,243.0,200208.63
House,Yucatán,20.9973786,-89.6296213,170.0,38470.25
APARTMENT,Distrito Federal,19.33923,-99.218987,83.0,147522.15
House,Chihuahua,28.631689,-106.102234,200.0,115410.76
House,Morelos,18.862602,-99.213448,210.0,141990.07
APARTMENT,Querétaro,20.59808,-100.337153,90.0,57428.26
APARTMENT,Quintana Roo,21.1789333275,-86.8123199791,75.0,34254.33
APARTMENT,Sinaloa,23.296583,-106.479973,134.0,173865.39
House,Estado de México,19.666832,-99.236992,69.0,44783.51
House,Nuevo León,25.668703,-100.405373,101.0,210795.91
APARTMENT,Estado de México,19.521015,-99.23091,130.0,171231.07
House,Sinaloa,23.286216,-106.427007,180.0,86932.69
House,Hidalgo,20.084376,-98.367993,279.0,131716.2
House,Morelos,18.850763,-98.943855,110.0,73234.21
APARTMENT,Distrito Federal,19.444723,-99.186447,70.0,41680.96
House,Distrito Federal,19.403597,-99.149771,380.0,257531.53
House,Chiapas,19.66869,-101.205173,298.0,168069.88
APARTMENT,Jalisco,20.705671,-103.396278,180.0,237145.4
House,Guerrero,16.8583631,-99.8508616,354.0,266975.89
APARTMENT,Veracruz de Ignacio de la Llave,19.1005941575,-96.1070613563,76.0,84298.37
APARTMENT,Estado de México,19.479437,-99.236561,75.0,105397.95
APARTMENT,Estado de México,19.508253,-99.254997,113.0,153686.47
House,Estado de México,19.533955,-99.228287,155.0,52159.61
APARTMENT,Distrito Federal,19.394073,-99.153915,82.0,154987.69
APARTMENT,Querétaro,20.5862687746,-100.3786790371,63.0,113302.8
House,Campeche,18.660893,-91.7663706,264.0,172852.64
House,Distrito Federal,19.361792,-99.190096,197.0,49999.47
APARTMENT,Querétaro,20.726007,-100.442642,105.0,93856.88
House,Veracruz de Ignacio de la Llave,19.570101,-96.918228,140.0,42623.36
House,Morelos,18.885313,-99.062879,97.0,50052.15
House,Puebla,18.985688,-98.230121,73.0,37670.83
APARTMENT,Distrito Federal,19.446256,-99.147767,68.0,49051.11
APARTMENT,Estado de México,19.379597,-99.293808,155.0,226551.88
House,San Luis Potosí,22.139618,-101.032422,354.0,208111.61
House,Estado de México,19.552184,-99.251489,80.0,127880.63
APARTMENT,Querétaro,20.5365909,-100.4411011,80.0,44794.13
APARTMENT,Distrito Federal,19.445032,-99.140207,133.0,59426.13
APARTMENT,Distrito Federal,19.377404,-99.193301,80.0,91411.04
APARTMENT,Guerrero,16.858816,-99.857628,185.0,157917.19
House,Sinaloa,23.231522,-106.382439,211.0,81137.18
House,Yucatán,21.006756,-89.570984,250.0,105397.95
APARTMENT,Guerrero,16.850374,-99.850166,145.0,81664.04
House,Veracruz de Ignacio de la Llave,18.141083,-94.458733,180.0,110667.85
House,Puebla,18.989918,-98.2295,299.0,231820.52
APARTMENT,Distrito Federal,19.451872,-99.173522,70.0,66911.83
House,Estado de México,19.262129,-99.602481,239.0,132769.93
APARTMENT,Distrito Federal,19.2790911,-99.2114234,72.0,40645.77
House,Querétaro,20.5887932,-100.3898881,177.0,115937.75
House,Veracruz de Ignacio de la Llave,19.11819,-96.107956,181.0,129112.49
House,Veracruz de Ignacio de la Llave,18.147928788,-94.4772926867,175.0,115937.75
House,Estado de México,19.4907003,-99.2553635,370.0,316193.86
APARTMENT,Nuevo León,25.672309,-100.374119,73.0,106110.57
House,Estado de México,19.542509,-99.218987,220.0,150156.47
House,Chiapas,19.671952,-101.175638,235.0,171231.07
House,Baja California,32.421957,-117.033513,170.0,95499.52
House,Distrito Federal,19.345431,-99.209949,200.0,228450.07
House,Nuevo León,25.660103,-100.410858,127.0,131747.44
House,Estado de México,19.564925,-99.218415,110.0,143834.1
APARTMENT,Distrito Federal,19.452665,-99.121497,75.0,34421.81
House,Hidalgo,23.634501,-102.552788,120.0,63223.78
House,Guerrero,16.850374,-99.850166,168.0,115937.75
APARTMENT,Yucatán,21.0306572,-89.5945502,7200.0,79048.46
House,Distrito Federal,19.3434226,-99.1359301,182.0,68492.42
APARTMENT,Distrito Federal###,19.4503249,-99.1351802,91.0,79029.72
House,Durango,24.0277202,-104.6531759,245.0,92201.34
APARTMENT,Estado de México,19.374843,-99.293871,120.0,59711.33
APARTMENT,San Luis Potosí,22.1352302,-101.0266343,140.0,73234.21
House,Veracruz de Ignacio de la Llave,25.577366,-103.437088,348.0,155425.12
House,Veracruz de Ignacio de la Llave,19.517859,-96.891403,300.0,142253.5
House,Querétaro,20.605692,-100.38488,290.0,208111.61
House,San Luis Potosí,22.158050728,-100.9284004569,180.0,50064.02
House,Morelos,18.847519,-99.220529,162.0,89567.02
House,Veracruz de Ignacio de la Llave,19.119549,-96.107643,190.0,94331.17
House,Distrito Federal,19.301835,-99.206377,300.0,207057.88
House,Chiapas,16.756552,-93.181732,215.0,163366.83
House,Morelos###,18.813505,-98.953514,80.0,34246.21
House,Campeche,19.8301251,-90.5349087,160.0,115937.75
House,Querétaro###,20.592563,-100.371039,271.0,179134.04
House,Hidalgo,20.044181,-99.34648,169.0,84054.87
APARTMENT,Distrito Federal,19.396893,-99.152302,80.0,85899.33
House,Jalisco,20.615292,-103.312843,230.0,131716.2
House,Yucatán,21.0315095,-89.600513,349.0,200256.11
House,Distrito Federal,19.33981,-99.216052,272.0,260798.09
House,Yucatán,21.0344135,-89.5978127,305.0,194986.21
House,Querétaro,20.607178,-100.335754,75.0,35563.37
House,Estado de México,19.470298,-99.272488,218.0,255529.44
House,Querétaro###,20.570164,-100.363823,170.0,123842.59
House,Distrito Federal,19.399741,-99.115503,100.0,57287.8
House,Distrito Federal,19.282308,-99.126869,130.0,119651.0
House,Querétaro,20.548123,-100.436245,300.0,200208.63
APARTMENT,Distrito Federal,19.396705,-99.181902,85.0,76740.25
House,Chiapas,16.766762,-93.148401,160.0,154371.39
House,Morelos,18.954132,-99.266083,94.0,55333.92
House,Nuevo León,25.696475,-100.345717,220.0,165962.42
APARTMENT,Distrito Federal,19.270165,-99.152404,80.0,131400.09
House,Guerrero,23.634501,-102.552788,100.0,50052.15
APARTMENT,Distrito Federal,19.376589,-99.153107,107.0,215482.45
APARTMENT,Estado de México,19.6494549,-99.2023662,69.0,38461.13
House,Tabasco,17.999552,-92.950018,151.0,115910.26
House,Morelos,18.910368,-99.1996,200.0,129081.88
House,Jalisco###,20.775549,-103.691269,300.0,134350.53
House,Nuevo León,25.7671943,-100.2575589,150.0,35308.31
House,Baja California,32.457415,-116.88252,102.0,61643.18
House,Querétaro,20.726007,-100.442642,200.0,121705.77
APARTMENT,Oaxaca,17.0588513685,-96.749432981,94.0,51118.0
House,Estado de México,19.550762,-99.242156,160.0,111194.84
House,Yucatán###,21.0412206815,-89.5549756587,174.0,82842.79
APARTMENT,Distrito Federal,19.373161,-99.130394,69.0,84298.37
House,Morelos,18.917542,-98.963181,210.0,118572.7
APARTMENT,Nuevo León,25.657194,-100.340521,110.0,262378.68
House,Morelos,18.94542,-99.223195,380.0,289775.66
House,Querétaro,20.6113606,-100.3288581,132.0,86953.31
House,Chiapas,16.773806,-93.096295,165.0,71126.75
APARTMENT,Nuevo León,25.651072,-100.342773,126.0,175924.99
House,Querétaro,20.631845,-100.390495,180.0,118572.7
House,Nuevo León,25.637247,-100.382774,194.0,76395.4
House,Quintana Roo,21.138567,-86.842937,185.0,97469.99
House,Guerrero,16.874741,-99.889244,300.0,98787.15
APARTMENT,Distrito Federal,19.395097,-99.150424,80.0,53158.18
APARTMENT,Distrito Federal,19.478815,-99.196831,64.0,76395.4
House,Veracruz de Ignacio de la Llave,19.554081,-96.911522,95.0,38461.13
House,Tamaulipas,22.276130897,-97.8784418106,232.0,139652.29
House,Morelos,18.9611008,-99.2684274,192.0,173906.62
APARTMENT,Distrito Federal,19.51918,-99.143403,60.0,34983.82
House,Estado de México,19.514929,-99.2542064,356.0,288721.93
House,Estado de México,19.488134,-99.230759,110.0,138934.25
House,Chiapas,19.711031,-101.245743,256.0,60603.82
House,Nuevo León,25.5883667,-100.2430415,300.0,162393.9
House,Baja California Sur,24.155968,-110.315987,204.0,135963.36
House,Chihuahua###,28.678531,-106.040439,115.0,46890.97
House,Yucatán,21.0064261,-89.6850751,90.0,60603.82
APARTMENT,Distrito Federal,23.634501,-102.552788,85.0,94835.67
House,Estado de México,19.580685,-99.047432,70.0,34254.33
House,Yucatán,20.9904342,-89.6004394,200.0,79029.72
House,Morelos,18.953518,-99.272508,300.0,147522.15
House,Nuevo León,25.686357,-100.376106,380.0,200256.11
House,Baja California,32.494759,-117.016926,92.0,51632.75
House,Jalisco,20.7540020174,-103.3824715018,290.0,152790.8
House,Estado de México,19.562864,-99.064713,90.0,52686.48
House,Querétaro,20.5285264774,-99.88301754,136.0,79048.46
APARTMENT,San Luis Potosí,22.133745,-101.016029,174.0,143868.21
APARTMENT,Distrito Federal,19.299864,-99.111133,65.0,135225.12
House,Estado de México,19.493069,-99.060346,343.0,191620.74
House,Querétaro,20.6536084,-100.3469826,176.0,110140.86
APARTMENT,Distrito Federal,19.384724,-99.145619,145.0,123813.23
House,Nuevo León,25.6866142,-100.3161126,90.0,242357.82
House,Querétaro###,20.7047931,-100.4462718,250.0,150192.08
House,Puebla,18.972588,-98.282691,202.0,150894.08
House,Querétaro,20.593385,-100.361619,100.0,115910.26
House,Puebla,19.017727,-98.316376,182.0,108559.89
House,Quintana Roo,21.139086,-86.84964,200.0,158096.93
House,Colima,19.277207,-103.734973,161.0,52633.79
House,Morelos,18.901708,-99.237779,250.0,242357.82
APARTMENT,Distrito Federal,19.368808,-99.112954,83.0,115910.26
House,Yucatán,21.0369774162,-89.6034273505,175.0,126214.05
House,Morelos,23.634501,-102.552788,13500.0,229186.2
APARTMENT,Distrito Federal,19.38342,-99.086604,88.0,100104.31
House,Morelos,18.93409,-99.254997,145.0,102738.64
House,Morelos,18.886955,-99.062244,68.0,43202.91
House,Nuevo León,25.679226,-100.344032,210.0,155425.12
APARTMENT,Distrito Federal,19.367424,-99.185753,82.0,154898.26
House,Estado de México,19.5527338,-99.2494583,200.0,92223.21
House,Yucatán,21.0634817,-89.6110378,235.0,146995.28
House,Tamaulipas,22.285725,-97.843597,218.0,118572.7
House,Querétaro,20.5230129,-100.4302641,184.0,93804.18
APARTMENT,Distrito Federal,19.440043,-99.176894,79.0,137017.34
House,Yucatán,20.9959805028,-89.6128177643,374.0,247421.7
House,Tamaulipas,22.3286560021,-97.8898514392,140.0,73778.56
House,Veracruz de Ignacio de la Llave,19.0530826,-96.0588921,200.0,108007.29
House,Morelos,18.933414,-99.194748,250.0,292900.92
House,Nuevo León,25.7385463,-100.3184093,254.0,139652.29
APARTMENT,Distrito Federal,19.41275,-99.126007,60.0,35890.24
APARTMENT,Distrito Federal,19.364891,-99.148384,78.0,150830.86
House,Estado de México,19.272732,-99.453377,126.0,68492.42
House,Estado de México,19.490576,-99.254997,350.0,210745.93
House,Querétaro,20.5535753,-100.4222725,156.0,86953.31
House,Querétaro,20.572051,-100.406716,227.0,125920.69
House,Baja California,32.457469,-116.882435,102.0,61643.18
House,Distrito Federal,19.353373,-99.1138,160.0,106127.01
House,Yucatán,21.039522,-89.563911,270.0,164947.8
House,Jalisco,20.2959587,-103.1944627,204.0,94835.67
House,Querétaro,20.379178,-99.966431,80.0,34246.21
House,Morelos,18.804409,-98.959038,130.0,47417.83
House,Guanajuato,20.5958037462,-101.186433658,195.0,94858.16
House,Tamaulipas,22.272678,-97.883728,350.0,237145.4
House,Tamaulipas,22.309216,-97.89325,109.0,45848.11
House,Morelos,18.808657,-99.203751,67.0,34254.33
House,Puebla,19.059084,-98.286095,243.0,101445.53
House,Aguascalientes,21.89658,-102.316322,245.0,78502.86
House,Estado de México,19.491798,-99.262423,150.0,168596.74
APARTMENT,Distrito Federal,19.454332,-99.200287,90.0,53832.41
House,Puebla,19.077675,-98.225566,175.0,118544.58
House,Morelos,23.634501,-102.552788,160.0,99577.45
House,Morelos,18.922282,-99.04435,70.0,46469.47
House,San Luis Potosí,22.193162,-101.005431,80.0,39514.86
House,Estado de México,19.4953683665,-99.2584598064,140.0,68508.67
House,Yucatán,21.3103259143,-89.248380661,325.0,187081.37
House,Yucatán,21.072905,-89.65963,190.0,97493.1
House,Veracruz de Ignacio de la Llave,20.9475017,-97.3631926,110.0,67860.19
House,Nuevo León,25.721457,-100.228301,190.0,88513.29
House,Estado de México,19.406092,-99.011968,177.0,80083.45
House,San Luis Potosí,22.125832,-101.035118,197.0,147557.13
House,Yucatán,21.023252,-89.614571,320.0,150192.08
House,Estado de México,19.31673,-99.581169,80.0,47944.7
House,Querétaro,20.647322,-100.479441,82.0,36248.3
House,Estado de México,19.7100885,-98.9659399,99.0,75783.82
APARTMENT,Distrito Federal,19.462951,-99.125888,208.0,131716.2
House,Tamaulipas,22.3140373,-97.8800254,178.0,51644.99
House,Tlaxcala,19.308845,-98.214439,85.0,35826.8
House,Chiapas,19.704245,-101.165592,150.0,94835.67
House,Veracruz de Ignacio de la Llave,25.525183,-103.377502,104.0,33192.48
House,Estado de México,18.831146,-99.675944,125.0,73761.07
House,Querétaro,20.558271,-100.42942,139.0,97469.99
House,Guanajuato,21.178095,-101.708252,360.0,178607.18
APARTMENT,Distrito Federal,19.403794,-99.155899,70.0,54235.15
House,Querétaro,20.543869,-100.414032,150.0,51105.88
APARTMENT,Distrito Federal,19.343424,-99.135933,84.0,115910.26
House,Veracruz de Ignacio de la Llave###,19.532236,-96.94104,180.0,79029.72
House,Jalisco,20.755376,-103.39302,120.0,71143.62
APARTMENT,Yucatán,21.008295,-89.591019,142.0,91169.23
APARTMENT,Distrito Federal,19.382649,-99.143384,65.0,44178.77
House,Tamaulipas,22.268972,-97.860939,200.0,121207.64
House,Guerrero,16.856389,-99.913115,131.0,47417.83
House,Veracruz de Ignacio de la Llave,19.1279472004,-96.1076366901,200.0,104319.23
House,Quintana Roo,21.1661723,-86.8251719,370.0,200256.11
House,Baja California,32.46906,-116.81963,86.0,52605.29
APARTMENT,Yucatán,21.0634817,-89.6110378,63.0,44794.13
APARTMENT,Baja California,23.634501,-102.552788,95.0,84313.09
House,Querétaro,20.745667,-100.455109,290.0,236091.42
House,Puebla,19.061148,-98.248372,120.0,59535.72
House,Morelos,18.969536,-99.215979,180.0,81664.04
House,Estado de México,19.300028,-99.566057,198.0,53666.55
House,Yucatán,20.999418,-89.619278,377.0,224339.55
House,Estado de México,19.663315,-99.103287,100.0,80083.45
APARTMENT,Yucatán,21.030668,-89.599258,82.0,62696.91
House,Morelos,18.743973,-99.254183,79.0,42941.43
House,Yucatán,21.037875,-89.648252,123.0,41095.45
APARTMENT,Quintana Roo,21.1495343889,-86.8515973089,79.0,80015.91
House,Morelos,18.951663,-99.218298,376.0,263432.41
APARTMENT,Distrito Federal,19.381078,-99.186714,70.0,85668.22
House,Sinaloa,24.8225157463,-107.4352383614,105.0,55847.67
House,Estado de México,19.522923,-99.241837,200.0,229240.55
House,Querétaro,20.693433,-100.446219,160.0,121178.91
House,Chihuahua,28.672886,-106.09304,250.0,63238.77
House,Guanajuato,20.9144491,-100.745235,100.0,127584.22
House,Yucatán,21.030771,-89.646347,200.0,77994.48
APARTMENT,Chiapas,16.747116,-92.651844,84.0,52686.48
House,Distrito Federal,19.3845016369,-99.0904824436,115.0,81683.41
House,Yucatán,20.99947,-89.642815,169.0,55333.92
House,Durango,24.024288,-104.615791,98.0,36090.24
House,Estado de México,19.537234,-99.025536,83.0,45447.36
House,Querétaro,20.594322,-100.365929,286.0,183875.82
House,Jalisco,20.66976,-105.204857,70.0,35299.94
House,Sinaloa,23.256596,-106.415812,190.0,55320.8
House,Sonora,27.492267,-109.958231,236.0,115910.26
APARTMENT,Distrito Federal,19.394358,-99.177444,195.0,289775.66
House,Nuevo León,25.7075214,-100.4578949,150.0,110969.16
House,Chihuahua,28.6329957,-106.0691004,274.0,173906.62
House,Morelos,18.926889,-99.218126,186.0,118544.58
House,Morelos,18.835637,-99.252857,200.0,63223.78
House,Nuevo León,25.723516,-100.393311,350.0,252895.12
House,Chiapas,19.750508,-101.181947,90.0,37934.26
APARTMENT,Puebla,19.058884,-98.260885,104.0,92201.34
APARTMENT,Distrito Federal,19.393656,-99.132304,60.0,84845.35
APARTMENT,Estado de México,19.607218,-99.194926,100.0,43202.91
House,Estado de México,19.1617587,-99.6178249,85.0,57968.87
House,Guerrero,16.7795417527,-99.798010105,275.0,316118.9
House,Yucatán,21.0411724,-89.5550539,195.0,91632.19
House,Tabasco,18.00557,-92.959735,205.0,88513.29
APARTMENT,Distrito Federal,19.441809,-99.156423,80.0,65120.49
House,Hidalgo,20.124367,-98.735725,150.0,92223.21
House,Veracruz de Ignacio de la Llave,20.9673656268,-97.3916879296,120.0,44783.51
APARTMENT,Distrito Federal,19.391819,-99.188639,84.0,71653.61
APARTMENT,Distrito Federal,19.375412,-99.144234,60.0,105372.96
House,Morelos,23.634501,-102.552788,180.0,63223.78
APARTMENT,Distrito Federal###,19.496076,-99.204251,60.0,36260.68
House,Sinaloa,24.8053549677,-107.4623677164,95.0,44794.13
House,Jalisco,20.532264,-103.484418,175.0,121178.91
House,Morelos,18.9289862,-99.1802147,100.0,47417.83
House,Yucatán,21.0284038368,-89.6530058049,81.0,39524.23
House,San Luis Potosí,22.11830417,-101.0321938992,360.0,245050.24
House,Estado de México,19.233201,-99.558519,115.0,110667.85
House,Veracruz de Ignacio de la Llave,19.570101,-96.918228,140.0,42623.36
House,Morelos,23.634501,-102.552788,360.0,278947.37
House,Veracruz de Ignacio de la Llave,25.569556,-103.383702,244.0,101158.04
House,Jalisco,20.689157,-103.366728,175.0,102763.0
APARTMENT,Jalisco,20.649012,-103.448288,88.0,82875.83
House,Distrito Federal,19.34016,-99.194081,90.0,79953.95
House,Veracruz de Ignacio de la Llave,19.089373,-96.130805,168.0,94835.67
House,Hidalgo,23.634501,-102.552788,120.0,63223.78
House,Yucatán,20.99947,-89.642815,169.0,55333.92
House,Hidalgo###,20.0519991,-98.755252,110.0,44736.84
House,Querétaro,20.631845,-100.390495,315.0,237089.17
House,Estado de México,19.31673,-99.581169,80.0,47944.7
House,Quintana Roo,21.1661723,-86.8251719,370.0,200256.11
House,Jalisco,20.660534,-103.318809,345.0,68421.05
House,Puebla,19.017727,-98.316376,182.0,108559.89
House,Yucatán,21.039522,-89.563911,181.0,97894.74
House,Guerrero,16.850374,-99.850166,168.0,115937.75
House,Estado de México,19.514929,-99.2542064,356.0,288721.93
APARTMENT,Distrito Federal,19.380937,-99.179545,98.0,197100.13
APARTMENT,Distrito Federal###,19.377404,-99.193301,80.0,91411.04
House,Puebla,19.09276402,-98.22678055,100.0,51644.99
House,Aguascalientes,21.9633957,-102.343524,146.0,41578.95
House,Nayarit,21.4581695,-104.8877876,220.0,165172.12
House,Distrito Federal,19.3176966,-99.0612554,100.0,109210.53
House,Distrito Federal,19.317653,-99.236291,350.0,176315.79
House,Veracruz de Ignacio de la Llave,19.100079,-96.121007,220.0,150000.0
House,Yucatán,21.065001,-89.6239875,155.0,71143.62
House,Baja California Sur,24.168865,-110.306996,330.0,290434.24
House,Yucatán,21.039522,-89.563911,220.0,94210.53
APARTMENT,Quintana Roo,21.15640821,-86.84881411,95.0,68508.67
House,Estado de México,19.493069,-99.060346,343.0,191620.74
House,Morelos,18.900945,-99.232574,279.0,142253.5
APARTMENT,Distrito Federal,19.302422,-99.230829,104.0,103370.88
House,Morelos,18.969294,-99.249802,198.0,136842.11
APARTMENT,Veracruz de Ignacio de la Llave,20.949051,-97.364006,300.0,194736.84
House,Tamaulipas,22.270658,-97.849037,93.0,65873.72
APARTMENT,Puebla,18.96785528,-98.28487086,127.0,176979.24
House,Sinaloa,23.20485,-106.424401,200.0,118421.05
APARTMENT,Distrito Federal,19.396018,-99.147827,70.0,183989.47
House,Chiapas,16.769737,-93.088928,106.0,52686.48
APARTMENT,Distrito Federal,19.392302,-99.154385,150.0,222924.2
APARTMENT,Quintana Roo,21.15007472,-86.83164597,165.0,121178.91
House,Jalisco,20.785506,-103.442286,98.0,52423.05
House,Puebla,19.0550344,-98.2731403,330.0,189716.32
House,Yucatán,21.039522,-89.563911,270.0,164947.8
House,Morelos,18.94542,-99.223195,380.0,289775.66
House,Puebla,19.0303511,-98.3143192,122.0,113684.21
House,Estado de México,19.6850991,-99.2113669,62.0,37943.26
House,Estado de México,19.562922,-99.254974,120.0,45789.47
House,Morelos,18.917542,-98.963181,182.0,97469.99
House,Yucatán,21.030771,-89.646347,150.0,63157.89
House,Distrito Federal,19.3434214,-99.1294848,280.0,314736.84
APARTMENT,Tamaulipas,22.217112,-97.854477,170.0,43887.84
APARTMENT,Chiapas,16.747116,-92.651844,84.0,52686.48
House,Morelos,23.634501,-102.552788,110.0,68421.05
House,Veracruz de Ignacio de la Llave,19.146434,-96.161783,91.0,42149.18
APARTMENT,Estado de México,19.5652097,-99.2646998,87.0,97368.42
House,Morelos,18.913485,-99.240456,80.0,68421.05
APARTMENT,Yucatán,21.072905,-89.65963,190.0,184210.53
APARTMENT,Distrito Federal,19.409369,-99.171906,83.0,263494.89
House,Yucatán,21.072905,-89.65963,90.0,63157.89
House,Baja California,32.425724,-117.034189,115.0,62585.3
House,Sinaloa,23.283125,-106.406723,192.0,47417.83
APARTMENT,Guerrero,16.86656582,-99.88082886,108.0,51578.95
House,Querétaro,20.570164,-100.363823,135.0,78521.47
House,Chihuahua,28.631943,-106.117668,170.0,81578.95
APARTMENT,Guerrero,23.634501,-102.552788,180.0,105263.16
APARTMENT,Distrito Federal,19.366901,-99.297272,65.0,109387.67
House,Estado de México,19.650003,-99.220367,245.0,100000.0
House,Querétaro,20.5535753,-100.4222725,156.0,86953.31
House,Puebla,19.02038,-98.207626,380.0,205263.16
House,Morelos,18.813505,-98.953514,140.0,63157.89
House,Chiapas,16.756552,-93.181732,215.0,163366.83
House,Estado de México,19.696592,-99.231445,87.0,152000.5
APARTMENT,Yucatán,21.008295,-89.591019,142.0,91169.23
House,Yucatán,21.0284038368,-89.6530058049,81.0,39524.23
APARTMENT,San Luis Potosí,22.1418,-101.027344,114.0,88270.78
House,San Luis Potosí,22.125832,-101.035118,197.0,147557.13
House,Sinaloa,24.754314,-107.402241,280.0,84298.37
House,Morelos,18.864874,-98.925911,120.0,51369.32
House,Querétaro,20.582091,-100.391196,300.0,237089.17
House,Morelos,18.8816687,-99.1632665,90.0,68245.17
House,Nuevo León,25.7815621,-100.1875974,108.0,35036.51
APARTMENT,Distrito Federal,19.440043,-99.176894,79.0,137017.34
APARTMENT,Distrito Federal,19.33923,-99.218987,83.0,147522.15
House,Veracruz de Ignacio de la Llave,19.119549,-96.107643,190.0,94331.17
APARTMENT,Yucatán,21.018724,-89.589836,60.0,47105.26
APARTMENT,Morelos,18.960824,-99.268107,92.0,57894.74
House,Jalisco,20.615292,-103.312843,230.0,131716.2
House,Quintana Roo,21.129547,-86.817017,275.0,173865.39
APARTMENT,San Luis Potosí,22.1352302,-101.0266343,140.0,73234.21
House,Distrito Federal,19.3845016369,-99.0904824436,115.0,81683.41
House,Chiapas,19.657836,-101.184317,260.0,68492.42
House,Morelos,18.922282,-99.04435,70.0,46469.47
House,Distrito Federal,19.411699,-99.166247,120.0,230874.8
House,Querétaro,20.646841,-100.376117,86.0,45310.37
House,Distrito Federal,19.433274,-99.210758,304.0,231478.95
House,Quintana Roo,20.65593,-87.05368,210.0,225024.63
APARTMENT,Distrito Federal,19.383952,-99.160229,100.0,174140.42
House,Veracruz de Ignacio de la Llave,19.1616453,-96.154687,290.0,147557.13
House,Sinaloa,24.8225157463,-107.4352383614,105.0,55847.67
House,Nuevo León,25.733049,-100.22847,200.0,69473.68
House,Morelos,18.858107,-99.200287,78.0,34246.21
House,Jalisco,20.616705,-103.413612,105.0,65789.47
House,Querétaro,20.614635,-100.416756,139.0,92105.26
House,Baja California,32.493049,-116.907481,76.0,41095.45
House,Baja California,32.589504,-115.363762,86.0,41578.95
APARTMENT,Distrito Federal,19.401507,-99.14682,65.0,91052.63
House,Tamaulipas,22.4107891,-97.9342897,176.0,60603.82
House,Guerrero,16.758724,-99.767563,142.0,100000.0
APARTMENT,Yucatán,21.0307114,-89.6181018,157.0,81630.71
House,Distrito Federal,19.475765,-99.145,270.0,131578.95
APARTMENT,Distrito Federal,23.634501,-102.552788,85.0,94835.67
House,Yucatán,20.9550515,-89.6793392,6000.0,41052.63
APARTMENT,Distrito Federal,19.400004,-99.16735,94.0,217911.29
House,Morelos,18.897581,-99.07093,306.0,208160.96
House,Distrito Federal,19.455385,-99.209835,216.0,84318.36
House,Veracruz de Ignacio de la Llave,19.517859,-96.891403,300.0,142253.5
APARTMENT,Puebla,19.011347,-98.246264,139.0,179134.04
House,Puebla,19.071239,-98.273949,240.0,126447.56
APARTMENT,Puebla,19.0527224248,-98.2346042991,75.0,81683.41
House,Veracruz de Ignacio de la Llave,25.502705,-103.408554,190.0,42969.88
House,Distrito Federal###,19.2790911,-99.2114234,117.0,142253.5
House,Chihuahua,28.678531,-106.040439,115.0,46890.97
House,Querétaro,20.619887,-100.392302,350.0,194736.84
House,Yucatán,21.037875,-89.648252,123.0,41095.45
House,Baja California,30.733356,-115.984407,200.0,89473.68
House,Querétaro,20.592563,-100.371039,271.0,179134.04
House,Veracruz de Ignacio de la Llave,19.142568,-96.125389,214.0,92728.21
House,Chihuahua,28.672886,-106.09304,250.0,63238.77
House,Yucatán,21.039522,-89.563911,178.0,60076.83
HOUSE,Estado de México,19.560181,-99.233528,150.0,3577.13
HOUSE,Nuevo León,25.6884355,-100.1988071,186.0,3327.57
APARTMENT,Guerrero,16.767704,-99.764383,82.0,4436.76
APARTMENT,Guerrero,16.829782,-99.911012,150.0,4963.62
HOUSE,Yucatán,21.05258302,-89.53863859,205.0,5536.39
HOUSE,Morelos,18.8126047,-98.9548261,281.0,7974.19
HOUSE,Chiapas,16.769737,-93.088928,140.0,4159.46
HOUSE,Estado de México,19.30540733,-99.64694828,235.0,6101.99
HOUSE,Morelos,18.804197,-98.932816,117.0,3327.57
HOUSE,Yucatán,21.0483333,-89.6780555,193.0,5505.66
HOUSE,Tabasco,18.01408208,-92.8963995,135.0,4104.97
APARTMENT,Distrito Federal,19.390748,-99.158695,127.0,6932.43
APARTMENT,Yucatán,21.33715074,-89.32268858,208.0,10693.01
HOUSE,Morelos,18.855343,-99.241142,73.0,1935.53
APARTMENT,Puebla,19.0248763,-98.1945109,170.0,9135.28
APARTMENT,Distrito Federal,19.428152,-99.106194,68.0,3535.54
HOUSE,Veracruz de Ignacio de la Llave,25.624891,-103.397214,106.0,2107.46
HOUSE,Yucatán,20.997143,-89.601028,132.0,3397.7
HOUSE,Sinaloa,23.239141,-106.412613,104.0,2357.03
HOUSE,Chiapas,16.717077,-93.162903,240.0,8318.92
HOUSE,Tamaulipas,22.3261979,-97.8885244,9400.0,4853.85
APARTMENT,Distrito Federal,19.39365,-99.14769,128.0,6322.38
HOUSE,Veracruz de Ignacio de la Llave,25.569582,-103.33239,350.0,8318.92
HOUSE,Puebla,19.0412967,-98.2061996,250.0,8182.21
HOUSE,Distrito Federal,19.390301,-99.11161,187.0,6655.13
HOUSE,Veracruz de Ignacio de la Llave,19.101803,-96.163884,127.0,2719.07
HOUSE,Yucatán,21.075163,-89.516731,242.0,5712.32
APARTMENT,Distrito Federal,19.351369,-99.248993,90.0,4542.13
HOUSE,Estado de México,19.715134,-99.214828,126.0,5016.31
HOUSE,Distrito Federal,19.374069,-99.01932,300.0,7932.58
HOUSE,San Luis Potosí,22.133745,-101.016029,132.0,4299.13
HOUSE,Morelos,18.804197,-98.932816,130.0,3466.22
APARTMENT,Yucatán,21.0294432,-89.6322061,237.0,10109.88
HOUSE,Sinaloa,24.8093254,-107.4692179,96.0,3189.67
APARTMENT,Distrito Federal,19.33923,-99.218987,102.0,12478.38
HOUSE,Baja California,32.493049,-116.907481,76.0,2162.92
HOUSE,Morelos,18.960244,-99.212962,305.0,11965.87
HOUSE,Nuevo León,25.5683841,-100.2439723,320.0,10814.59
APARTMENT,Tamaulipas,22.217112,-97.854477,170.0,2309.89
HOUSE,Guerrero,16.860338,-99.870399,168.0,4991.35
HOUSE,Veracruz de Ignacio de la Llave,19.109509,-96.111477,220.0,5545.95
HOUSE,Guerrero,16.771518,-99.772466,180.0,4159.46
APARTMENT,Yucatán,21.0307114,-89.6181018,157.0,4296.35
HOUSE,Querétaro,20.6536084,-100.3469826,128.0,5545.95
HOUSE,Estado de México,19.650003,-99.220367,135.0,6656.71
HOUSE,Nuevo León,25.751371,-100.238281,185.0,3826.7
APARTMENT,Distrito Federal,19.351371,-99.161529,60.0,1871.76
HOUSE,Veracruz de Ignacio de la Llave,25.581989,-103.378005,220.0,4020.81
HOUSE,Tamaulipas,26.074236,-98.349915,200.0,6655.13
HOUSE,Quintana Roo,21.15048247,-86.81568548,261.0,11369.19
HOUSE,Jalisco,20.785506,-103.442286,98.0,2759.11
APARTMENT,Distrito Federal,19.374421,-99.13907,72.0,6230.87
HOUSE,Yucatán,20.99947,-89.642815,211.0,3328.36
HOUSE,Estado de México,19.533243,-99.227295,200.0,9150.81
HOUSE,Querétaro,20.705742,-100.444016,300.0,11923.78
HOUSE,Sonora,29.058504,-110.978981,185.0,1802.86
HOUSE,Puebla,18.99466,-98.2761016,178.0,7350.12
HOUSE,Sinaloa,24.754314,-107.402241,280.0,4436.76
HOUSE,Estado de México###,19.544106,-99.112656,131.0,3604.86
HOUSE,Yucatán,20.99214914,-89.5655331,121.0,3467.04
HOUSE,Morelos,18.942068,-99.242531,290.0,12758.7
HOUSE,Puebla,19.087196,-98.288637,148.0,3826.7
HOUSE,Puebla,18.989595,-98.203529,200.0,7904.85
HOUSE,Morelos,18.917542,-98.963181,220.0,5823.24
HOUSE,Yucatán,20.9993534,-89.5910162,192.0,4576.49
APARTMENT,Distrito Federal,19.384533,-99.183172,120.0,9985.07
HOUSE,Distrito Federal,19.317922,-99.236124,350.0,9289.46
HOUSE,Estado de México,19.696592,-99.231445,87.0,8000.03
APARTMENT,Distrito Federal,19.38250406,-99.15803991,78.0,7211.44
APARTMENT,Distrito Federal,19.401819,-99.184615,75.0,4131.73
HOUSE,Puebla,18.998509,-98.179484,200.0,5407.3
HOUSE,Estado de México,19.283869,-99.588992,70.0,3000.36
HOUSE,Jalisco,20.532827,-103.483829,155.0,5823.24
HOUSE,Yucatán,21.030668,-89.599258,175.0,6365.48
HOUSE,Zacatecas,23.634501,-102.552788,170.0,4714.05
APARTMENT,Distrito Federal,19.380937,-99.179545,98.0,10373.69
HOUSE,Distrito Federal,19.367215,-99.222138,180.0,6114.4
HOUSE,Veracruz de Ignacio de la Llave,18.134026,-94.476112,210.0,13032.97
HOUSE,Veracruz de Ignacio de la Llave,25.572505,-103.425036,330.0,6377.84
HOUSE,Jalisco,20.788616,-103.435217,156.0,6516.49
APARTMENT,Nuevo León,25.6526883,-100.4122654,101.0,8466.65
HOUSE,Nuevo León,25.680067,-100.458626,336.0,7487.03
HOUSE,Estado de México,19.305643,-98.901535,120.0,2218.9
HOUSE,Yucatán,21.008295,-89.591019,282.0,6476.43
APARTMENT,Guerrero,16.8572859,-99.9089643,130.0,5519.52
HOUSE,San Luis Potosí,22.1387477,-101.0181525,200.0,5130.0
HOUSE,Estado de México,19.428043,-99.227384,309.0,16133.16
HOUSE,Hidalgo,20.059217,-98.790423,200.0,7209.73
HOUSE,Yucatán,21.292982,-89.603973,100.0,7350.12
HOUSE,Distrito Federal,19.411699,-99.166247,120.0,12151.31
HOUSE,Morelos,18.89179165,-99.22272205,183.0,7766.16
HOUSE,Yucatán,21.0424858,-89.5568382,107.0,2662.05
APARTMENT,Distrito Federal,19.428152,-99.106194,67.0,4159.46
HOUSE,Estado de México,19.234822,-99.559659,115.0,5545.95
HOUSE,Chihuahua,28.652079,-106.109581,227.0,5823.24
HOUSE,Nuevo León,25.707024,-100.21376,250.0,5824.62
HOUSE,Aguascalientes###,21.878481,-102.332787,215.0,7183.7
HOUSE,Veracruz de Ignacio de la Llave,19.155567,-96.13928,165.0,3188.92
HOUSE,Hidalgo,20.05687984,-98.76537555,200.0,3605.72
HOUSE,Nuevo León###,25.634661,-100.295769,242.0,4021.76
HOUSE,Distrito Federal,19.360526,-99.301674,220.0,4615.95
APARTMENT,Yucatán,21.2929822,-89.6039725,255.0,12428.64
HOUSE,Querétaro,20.6990975,-100.4705682,276.0,6934.08
HOUSE,Puebla,18.983141,-98.265739,135.0,2218.38
HOUSE,Estado de México###,19.2826098,-99.6556653,90.0,2967.78
HOUSE,Tamaulipas,22.4107891,-97.9342897,176.0,3189.67
HOUSE,Tabasco,18.263374,-93.179222,104.0,2079.73
HOUSE,Sinaloa,23.240411,-106.432565,189.0,3322.02
APARTMENT,Distrito Federal,19.452331,-99.177162,90.0,3854.43
HOUSE,Quintana Roo,21.129547,-86.817017,275.0,9150.81
HOUSE,Nuevo León,25.702822,-100.304192,148.0,4978.67
HOUSE,Veracruz de Ignacio de la Llave,19.205341,-96.197784,130.0,4436.76
HOUSE,Yucatán,21.0424858,-89.5568382,185.0,4035.63
APARTMENT,Guerrero,16.829584,-99.9083,154.0,6025.67
HOUSE,San Luis Potosí,23.634501,-102.552788,187.0,4963.62
APARTMENT,Distrito Federal,19.400004,-99.16735,94.0,11469.02
HOUSE,Tabasco,17.979631,-92.965249,100.0,3466.22
HOUSE,Querétaro,20.5887932,-100.3898881,84.0,2607.21
HOUSE,Yucatán###,21.006756,-89.570984,162.0,4021.76
HOUSE,Yucatán,21.013465,-89.591041,239.0,14924.14
HOUSE,Chiapas,19.671066,-101.213341,175.0,4852.7
HOUSE,Nuevo León,25.7418083,-100.4057781,211.0,6552.74
HOUSE,Yucatán,20.968147,-89.629875,123.0,2162.92
HOUSE,Tamaulipas,22.2621259,-97.8238578,141.0,4131.73
APARTMENT,Distrito Federal,19.449392,-99.138544,70.0,2246.11
APARTMENT,Quintana Roo,21.15640821,-86.84881411,95.0,3605.72
APARTMENT,Distrito Federal,19.36594,-99.163153,85.0,5623.59
HOUSE,Veracruz de Ignacio de la Llave,19.146434,-96.161783,91.0,2218.38
HOUSE,Guerrero,16.86432868,-99.88790821,170.0,6101.99
HOUSE,Querétaro,20.726007,-100.442642,180.0,5753.92
HOUSE,Sinaloa,23.261934,-106.408936,124.0,3563.27
HOUSE,Quintana Roo,21.139086,-86.84964,66.0,1941.08
HOUSE,Veracruz de Ignacio de la Llave,25.535524,-103.379302,276.0,3327.57
HOUSE,Yucatán,21.0043658,-89.5614233,79.0,1941.54
APARTMENT,Distrito Federal,19.364613,-99.161892,70.0,4908.16
HOUSE,Querétaro,20.6521079,-100.3491545,250.0,7627.48
HOUSE,Yucatán,21.03504976,-89.59907413,137.0,4157.67
APARTMENT,Distrito Federal,19.354947,-99.087529,65.0,1967.7
HOUSE,Yucatán,21.008295,-89.591019,142.0,4798.38
HOUSE,Querétaro,20.6476044,-100.35253,150.0,5490.49
HOUSE,Yucatán,21.030668,-89.599258,305.0,9693.84
APARTMENT,Veracruz de Ignacio de la Llave,19.1356101,-96.1142685,105.0,2634.95
APARTMENT,Distrito Federal,19.377169,-99.187643,90.0,2974.47
APARTMENT,Distrito Federal,19.381591,-99.165397,124.0,14256.46
HOUSE,Yucatán,21.039522,-89.563911,230.0,4853.85
HOUSE,Jalisco,20.755833,-103.413251,180.0,7625.68
HOUSE,Estado de México,19.27223,-99.575691,300.0,9707.71
APARTMENT,Veracruz de Ignacio de la Llave,19.191416,-96.127518,70.0,3286.75
HOUSE,San Luis Potosí,22.121187,-100.951736,154.0,3050.99
HOUSE,Tabasco,17.987557,-92.929147,150.0,3743.51
HOUSE,Estado de México,19.4653884,-99.5940417,70.0,2080.22
HOUSE,Morelos,18.8493694,-98.9479805,250.0,4436.76
HOUSE,Yucatán,21.05294348,-89.66792107,141.0,3314.49
HOUSE,Morelos,18.942068,-99.242531,320.0,15254.97
APARTMENT,Estado de México,19.531773,-99.245873,174.0,17192.43
HOUSE,Tamaulipas###,25.860595,-97.504808,212.0,3743.51
HOUSE,Morelos,18.8736789,-99.1922665,257.0,9915.73
HOUSE,San Luis Potosí###,22.186096,-101.005652,240.0,7625.68
HOUSE,Yucatán,21.075163,-89.516731,189.0,4575.4
HOUSE,Puebla,18.984862,-98.222234,289.0,11923.78
APARTMENT,Distrito Federal,19.3650311,-99.1477363,83.0,7350.12
HOUSE,Distrito Federal,19.399375,-99.149986,95.0,12999.7
HOUSE,Baja California,32.5622552,-115.3169575,75.0,2218.38
APARTMENT,Distrito Federal###,19.452689,-99.117987,60.0,1908.91
HOUSE,Distrito Federal###,19.336104,-99.101761,70.0,2636.17
HOUSE,Zacatecas###,23.634501,-102.552788,138.0,3327.57
HOUSE,Jalisco,20.567506,-103.48332,149.0,5820.47
APARTMENT,Distrito Federal,19.3987957,-99.1594498,110.0,14422.88
HOUSE,San Luis Potosí,22.1176283,-101.0151243,380.0,14003.51
HOUSE,Yucatán###,21.006756,-89.570984,90.0,2076.96
HOUSE,Veracruz de Ignacio de la Llave,25.510739,-103.357425,140.0,2079.73
HOUSE,Tamaulipas,22.2695545,-97.8750355,140.0,3752.72
HOUSE,Estado de México,19.3308425,-99.5817205,140.0,6379.35
HOUSE,Estado de México,19.2398293,-99.617673,332.0,12758.7
HOUSE,Estado de México,19.4689569,-99.2727792,372.0,7625.68
HOUSE,Morelos,18.917542,-98.963181,200.0,6934.08
HOUSE,Nuevo León,25.79255,-100.274638,159.0,3945.94
APARTMENT,Distrito Federal,19.3928136,-99.1738213,112.0,16471.46
HOUSE,Sinaloa,24.804811,-107.46476,95.0,2495.68
HOUSE,Morelos,18.900945,-99.232574,279.0,7487.03
HOUSE,Tamaulipas,22.2900902,-97.8437788,75.0,1802.86
APARTMENT,Distrito Federal,19.375374,-99.137657,80.0,1793.56
HOUSE,Nuevo León,25.660711,-100.289459,222.0,6239.19
APARTMENT,Puebla,19.02065826,-98.22384596,100.0,5452.96
HOUSE,Yucatán,20.96083848,-89.62156874,160.0,2745.24
APARTMENT,Distrito Federal,19.409369,-99.171906,83.0,13868.15
HOUSE,Nuevo León,25.7584835,-100.4052434,131.0,4843.33
HOUSE,Nuevo León,25.712547,-100.249496,210.0,4368.47
HOUSE,Yucatán,21.05119626,-89.53858227,168.0,4216.47
HOUSE,Puebla###,19.09276402,-98.22678055,100.0,2718.16
HOUSE,Jalisco,20.792152,-103.475021,104.0,2079.73
HOUSE,Guanajuato###,21.121012,-101.600136,207.0,6379.35
HOUSE,San Luis Potosí,22.18307725,-101.0302325,92.0,1830.6
APARTMENT,Distrito Federal,19.404032,-99.179694,103.0,11047.52
HOUSE,Morelos,18.814863,-99.211439,97.0,3604.86
APARTMENT,Distrito Federal,19.368544,-99.163605,105.0,14974.05
HOUSE,Puebla,19.0550344,-98.2731403,330.0,9985.07
HOUSE,Yucatán,21.04307817,-89.55160305,190.0,4687.44
HOUSE,Estado de México,19.699144,-98.978363,180.0,3604.86
APARTMENT,Puebla###,19.035632,-98.223132,92.0,5767.78
HOUSE,Puebla,19.0217424,-98.2604216,215.0,8182.21
APARTMENT,Morelos,18.957352,-99.260544,76.0,2773.63
HOUSE,Morelos,18.845494,-99.20547,136.0,3777.15
HOUSE,Estado de México###,19.590134,-99.280419,100.0,2357.03
HOUSE,Distrito Federal,19.473907,-99.177444,320.0,4791.7
HOUSE,San Luis Potosí,22.149093,-100.889863,180.0,2385.32
HOUSE,Estado de México,19.641889,-99.1774462,250.0,4160.45
HOUSE,Veracruz de Ignacio de la Llave,19.089373,-96.130805,168.0,4991.35
HOUSE,Querétaro,20.606224,-100.329168,165.0,5130.0
APARTMENT,Nuevo León,25.7302897,-100.3965403,160.0,5499.85
HOUSE,Puebla,19.004742,-98.235992,180.0,3327.57
HOUSE,Morelos,18.920158,-99.180214,85.0,2565.0
HOUSE,Puebla,19.063091,-98.296013,252.0,6888.06
APARTMENT,Distrito Federal,19.371321,-99.140985,84.0,4919.25
APARTMENT,Puebla,19.0378006,-98.3007086,120.0,8736.94
APARTMENT,Distrito Federal,19.362824,-99.266178,162.0,11091.89
HOUSE,Chiapas,16.780325,-93.119637,180.0,5545.95
HOUSE,Yucatán,21.039522,-89.563911,178.0,3161.94
APARTMENT,Distrito Federal,19.465454,-99.162665,69.0,3967.11
HOUSE,Jalisco,20.700756,-103.333385,300.0,4963.62
HOUSE,Baja California Sur,22.886851,-109.946872,94.0,2657.14
HOUSE,Querétaro,20.549404,-100.378563,110.0,4020.81
HOUSE,Distrito Federal,19.353288,-99.244721,150.0,7179.23
HOUSE,Estado de México,19.278994,-99.559006,136.0,4714.05
APARTMENT,Jalisco,20.67603,-103.425418,125.0,8288.42
APARTMENT,Guerrero,16.87630091,-99.88293272,88.0,2066.35
APARTMENT,Chiapas,16.748743,-93.066491,73.0,2273.84
APARTMENT,Distrito Federal###,19.432657,-99.177444,150.0,7109.74
HOUSE,Querétaro,20.618279,-100.346985,160.0,5242.16
HOUSE,Veracruz de Ignacio de la Llave,25.51506,-103.413092,230.0,2357.03
HOUSE,Morelos,18.804197,-98.932816,117.0,3466.22
APARTMENT,Distrito Federal,19.400249,-99.177444,150.0,14419.46
HOUSE,Yucatán,21.03071,-89.618103,382.0,11787.93
HOUSE,Jalisco,20.649154,-105.202538,90.0,1774.7
HOUSE,Baja California,32.426032,-117.033916,140.0,3293.18
HOUSE,Veracruz de Ignacio de la Llave,25.599048,-103.412397,189.0,3383.03
HOUSE,Tamaulipas,22.238298,-97.841892,200.0,5823.24
HOUSE,Puebla,19.046561,-98.190349,110.0,5301.89
APARTMENT,Distrito Federal,19.451872,-99.173522,70.0,3521.68
HOUSE,Estado de México,19.253367,-99.606303,260.0,17053.78
HOUSE,Sonora,29.0287123,-110.97103,200.0,2495.68
APARTMENT,Distrito Federal,19.45569471,-99.16357613,76.0,6387.12
HOUSE,Jalisco,20.7670434,-103.3941011,195.0,7154.27
HOUSE,San Luis Potosí,22.1564699,-100.9855409,110.0,2080.22
HOUSE,Yucatán,21.0634817,-89.6110378,296.0,7211.44
HOUSE,Yucatán,21.135925,-89.6446768,200.0,4159.46
HOUSE,Querétaro,20.547818,-100.407691,80.0,2717.51
HOUSE,Morelos,18.882725,-99.163605,112.0,4576.49
HOUSE,Tabasco,17.97423,-92.923836,60.0,1802.43
HOUSE,Chiapas,16.740764,-93.089951,148.0,4436.76
HOUSE,Nuevo León,25.764894,-100.264221,160.0,3466.22
APARTMENT,Querétaro,20.60782,-100.366721,110.0,6932.43
HOUSE,Distrito Federal,19.469688,-99.085456,248.0,9291.66
APARTMENT,Distrito Federal,19.27112369,-99.20883894,72.0,2139.25
HOUSE,Yucatán,20.9673702,-89.5925857,290.0,6490.29
HOUSE,Morelos,18.862602,-99.213448,320.0,9152.98
HOUSE,Veracruz de Ignacio de la Llave###,19.123617,-96.113161,220.0,5240.92
HOUSE,Distrito Federal,19.355938,-99.129918,200.0,16611.49
HOUSE,Yucatán,20.989016,-89.632225,300.0,6934.08
HOUSE,Veracruz de Ignacio de la Llave,25.453195,-100.935486,203.0,4990.44
HOUSE,Yucatán###,20.938659,-89.615316,173.0,2634.32
HOUSE,Tamaulipas,22.270658,-97.849037,263.0,9291.66
HOUSE,Chiapas,16.78141,-93.096451,87.0,2704.29
HOUSE,Chiapas,19.691938,-101.176615,220.0,8180.27
HOUSE,Estado de México,19.64079,-99.098691,105.0,3604.86
APARTMENT,Puebla,19.011347,-98.246264,139.0,9428.11
HOUSE,Jalisco,20.647029,-103.454953,122.0,4104.0
HOUSE,Veracruz de Ignacio de la Llave###,19.06681288,-96.07347608,271.0,9150.81
HOUSE,Estado de México,19.54323,-99.222374,181.0,8155.31
HOUSE,Tamaulipas,25.872879,-97.509221,14350.0,6100.54
HOUSE,Distrito Federal,19.373264,-99.104161,250.0,7127.93
APARTMENT,Distrito Federal,19.383952,-99.160229,100.0,9165.29
HOUSE,Chiapas,16.757278,-93.134056,298.0,9530.75
HOUSE,Tamaulipas,22.320061,-97.86808,67.0,1886.07
HOUSE,Guanajuato,20.58343642,-101.1981905,9000.0,6934.08
APARTMENT,Distrito Federal,19.396018,-99.147827,80.0,9683.66
HOUSE,Chiapas,19.646418,-101.238213,153.0,5130.0
HOUSE,Querétaro,20.631845,-100.390495,315.0,12478.38
HOUSE,Baja California Sur,24.083153,-110.303329,65.0,1755.71
HOUSE,Veracruz de Ignacio de la Llave,18.1495449,-94.5140773,104.0,3050.27
APARTMENT,Distrito Federal,19.390031,-99.174182,108.0,11036.43
HOUSE,Nuevo León,25.781807,-100.187794,155.0,3466.22
APARTMENT,Distrito Federal,19.365834,-99.263505,126.0,9483.57
HOUSE,Yucatán,20.9637793,-89.6612548,249.0,2357.03
HOUSE,Querétaro,20.6205869,-100.388042,322.0,11050.3
APARTMENT,Nuevo León,25.654263,-100.297874,114.0,2912.31
APARTMENT,Durango,24.010702,-104.613602,88.0,2274.38
APARTMENT,Distrito Federal###,19.474655,-99.189277,60.0,2107.46
APARTMENT,Querétaro,20.65449,-100.384446,160.0,13174.74
HOUSE,Veracruz de Ignacio de la Llave,25.569556,-103.383702,244.0,5324.11
HOUSE,Quintana Roo,21.118165,-86.880921,189.0,6239.19
APARTMENT,Tabasco,17.972448,-92.960579,104.0,3050.99
APARTMENT,Distrito Federal,19.3499358,-99.2906864,78.0,7766.16
APARTMENT,Estado de México,19.402713,-99.27547,6500.0,5326.14
HOUSE,Morelos,18.948109,-99.26886,200.0,8182.21
HOUSE,Querétaro,20.5887932,-100.3898881,334.0,14696.76
APARTMENT,Distrito Federal,19.406592,-99.155442,90.0,11824.22
HOUSE,Nuevo León,25.677525,-100.258614,257.0,6101.99
HOUSE,Distrito Federal,19.318989,-99.094437,100.0,5185.46
HOUSE,Querétaro,20.712143,-100.454275,230.0,8041.62
HOUSE,Yucatán,21.01429,-89.605148,280.0,7627.48
HOUSE,Veracruz de Ignacio de la Llave,19.139896,-96.109911,163.0,3604.86
HOUSE,Baja California,32.665619,-115.433372,134.0,7023.3
HOUSE,Tamaulipas,22.270658,-97.849037,93.0,3467.04
HOUSE,Yucatán,21.021821,-89.634346,235.0,5823.24
APARTMENT,Querétaro,20.5887932,-100.3898881,178.0,16637.84
HOUSE,Morelos###,18.813505,-98.953514,90.0,2772.97
HOUSE,Baja California Sur,24.143626,-110.336274,180.0,11923.78
HOUSE,Guerrero,16.841759,-99.847374,97.0,3577.98
APARTMENT,Veracruz de Ignacio de la Llave,19.125867,-96.106026,189.0,14696.76
HOUSE,Jalisco,20.6081525,-103.3946675,150.0,2315.43
APARTMENT,Yucatán,21.029198,-89.607506,200.0,7348.38
HOUSE,Morelos,18.927336,-99.213448,145.0,6377.84
HOUSE,Veracruz de Ignacio de la Llave,25.439677,-100.946717,172.0,4767.87
HOUSE,Estado de México,19.514382,-99.258682,150.0,4069.76
HOUSE,Distrito Federal,19.325355,-99.232561,136.0,16138.7
HOUSE,Yucatán,21.072905,-89.65963,250.0,5823.24
HOUSE,San Luis Potosí,22.14691,-101.038651,245.0,7627.48
HOUSE,Tabasco,18.03410232,-92.98419938,161.0,6628.98
HOUSE,Morelos,23.634501,-102.552788,338.0,7764.32
HOUSE,Puebla,18.921051,-98.417053,116.0,4813.88
HOUSE,Puebla,19.014643,-98.170731,140.0,4715.17
HOUSE,Morelos,18.858107,-99.200287,78.0,1802.43
HOUSE,Morelos,18.945309,-99.22372,380.0,13864.86
HOUSE,Yucatán,21.0381057,-89.5933722,213.0,6240.67
HOUSE,Estado de México,19.499864,-99.050138,175.0,5268.65
HOUSE,San Luis Potosí,22.157743,-100.94397,225.0,3951.49
HOUSE,San Luis Potosí,22.14700093,-101.0172996,160.0,5767.78
APARTMENT,Estado de México,19.424913,-99.271629,69.0,3022.24
HOUSE,Estado de México,19.54966748,-99.01653931,90.0,2634.32
HOUSE,Guerrero,16.867283,-99.867119,150.0,7348.38
APARTMENT,Distrito Federal,19.396502,-99.128797,80.0,2102.44
APARTMENT,Yucatán,21.017197,-89.574516,66.0,4409.03
HOUSE,Hidalgo,20.06499132,-98.76800179,100.0,3050.27
HOUSE,Tamaulipas,22.266645,-97.870796,296.0,11091.89
HOUSE,Puebla,19.044477,-98.328011,235.0,8875.62
HOUSE,Chihuahua,28.6556674,-106.0711926,159.0,3589.76
APARTMENT,Distrito Federal,19.48888,-99.179278,70.0,2704.92
HOUSE,Chiapas,16.732222,-93.135307,240.0,6932.43
HOUSE,Yucatán,21.0381057,-89.5933722,165.0,5267.12
APARTMENT,Guerrero,16.801018,-99.824979,98.0,5240.92
HOUSE,Estado de México,19.6850991,-99.2113669,62.0,1997.01
HOUSE,Morelos,18.9212022,-99.1739857,125.0,3272.88
HOUSE,Yucatán,21.030668,-89.599258,320.0,9982.3
APARTMENT,Puebla,18.96785528,-98.28487086,127.0,9314.7
HOUSE,Nuevo León,25.723516,-100.393311,365.0,12758.7
HOUSE,Yucatán,21.0151423,-89.6551671,180.0,3591.85
APARTMENT,Quintana Roo,21.13593739,-86.76753902,84.0,4437.81
APARTMENT,Sinaloa,23.261248,-106.459885,61.0,2135.19
APARTMENT,Distrito Federal,19.364891,-99.148384,62.0,4437.81
APARTMENT,Estado de México,19.369319,-99.293444,150.0,6742.02
HOUSE,Estado de México,19.55134,-99.233528,260.0,16637.84
HOUSE,San Luis Potosí,22.16483221,-100.976522,125.0,2718.16
HOUSE,Tamaulipas,22.246319,-97.86264,163.0,5963.31
HOUSE,Distrito Federal,19.365175,-99.230064,270.0,7930.7
APARTMENT,Estado de México,19.379597,-99.293808,155.0,12425.86
HOUSE,Yucatán###,21.039522,-89.563911,186.0,5240.92
HOUSE,San Luis Potosí,22.175159,-100.979996,188.0,3799.87
HOUSE,Puebla,19.11055714,-98.28005165,120.0,3466.22
HOUSE,Veracruz de Ignacio de la Llave,25.502705,-103.408554,190.0,2261.57
APARTMENT,Distrito Federal,19.478815,-99.196831,64.0,4020.81
HOUSE,Querétaro,20.611304,-100.386343,360.0,14142.16
HOUSE,Veracruz de Ignacio de la Llave,20.955351,-97.404341,150.0,2301.57
HOUSE,Sonora,29.07683,-110.9871743,309.0,9985.07
APARTMENT,Guerrero,23.634501,-102.552788,178.0,12481.34
HOUSE,Yucatán,21.039522,-89.563911,215.0,5192.44
HOUSE,Nuevo León,25.74317303,-100.3723396,138.0,2801.37
HOUSE,Aguascalientes,21.88930425,-102.2563045,198.0,2163.43
APARTMENT,Distrito Federal,19.298168,-99.113106,83.0,9352.41
HOUSE,Chiapas,16.734992,-93.102641,121.0,4409.03
HOUSE,Aguascalientes,21.88585,-102.294085,185.0,7487.03
HOUSE,Jalisco,20.618633,-103.387465,150.0,3882.16
HOUSE,Morelos,18.942068,-99.242531,200.0,9707.71
HOUSE,Veracruz de Ignacio de la Llave,25.558393,-103.385429,113.0,2365.35
HOUSE,Nuevo León,25.580088,-100.239685,234.0,10595.27
HOUSE,Sinaloa###,23.283125,-106.406723,192.0,2495.68
HOUSE,Morelos,18.936026,-99.216217,286.0,11036.43
HOUSE,Distrito Federal,19.328833,-99.133163,140.0,6516.49
HOUSE,Distrito Federal,19.455385,-99.209835,216.0,4437.81
HOUSE,Estado de México,19.501955,-99.226952,196.0,11923.78
HOUSE,Morelos,18.866121,-99.231445,180.0,7764.32
HOUSE,Querétaro,20.726007,-100.442642,330.0,10262.43
HOUSE,Yucatán,21.075163,-89.516731,192.0,4870.67
HOUSE,Tlaxcala###,19.435802,-98.10286,135.0,2162.92
HOUSE,Yucatán,20.9731555,-89.6229189,250.0,4437.81
HOUSE,Puebla,19.0412967,-98.2061996,109.0,1941.54
APARTMENT,Sinaloa,23.299184,-106.481557,230.0,14197.62
APARTMENT,Distrito Federal,19.36243,-99.176957,70.0,2135.19
HOUSE,Querétaro,20.556261,-100.370035,112.0,4769.51
HOUSE,Chiapas,16.744808,-93.179222,350.0,7766.16
HOUSE,Yucatán###,21.02594686,-89.58423615,264.0,7890.98
HOUSE,Chiapas,16.734121,-92.626991,100.0,4436.76
HOUSE,Querétaro,20.705742,-100.444016,223.0,7211.44
APARTMENT,Distrito Federal,19.400731,-99.125466,80.0,3582.68
APARTMENT,Distrito Federal,19.33923,-99.218987,83.0,7764.32
APARTMENT,Distrito Federal,19.365383,-99.16507,81.0,8517.19
HOUSE,Yucatán,21.030668,-89.599258,350.0,11646.49
HOUSE,Morelos,18.864874,-98.925911,60.0,1802.43
APARTMENT,Distrito Federal,19.463009,-99.131106,81.0,5407.3
HOUSE,Distrito Federal###,19.33427,-99.083374,100.0,3604.86
APARTMENT,Distrito Federal,19.499434,-99.111916,85.0,5915.95
APARTMENT,Distrito Federal,19.380937,-99.179545,98.0,10376.15
HOUSE,Baja California###,32.459403,-116.880827,114.0,3882.16
HOUSE,Puebla,19.101185,-98.357062,90.0,2218.38
HOUSE,Querétaro,20.394361,-99.973053,354.0,6100.54
HOUSE,Querétaro,20.646841,-100.376117,86.0,2384.76
HOUSE,Morelos,18.897581,-99.07093,306.0,10955.84
HOUSE,Morelos###,18.917542,-98.963181,182.0,5130.0
APARTMENT,Distrito Federal,19.309208,-99.171906,70.0,4082.78
HOUSE,Yucatán###,21.0506531,-89.5588406,334.0,7211.44
HOUSE,Yucatán,21.34379622,-89.26205993,130.0,5810.76
APARTMENT,Nuevo León,25.721081,-100.345581,72.0,3601.11
APARTMENT,Estado de México,19.2720402,-99.572013,85.0,3462.6
APARTMENT,Distrito Federal,19.394558,-99.129707,65.0,2100.25
APARTMENT,Distrito Federal,19.3261963,-99.14058611,74.0,8282.55
HOUSE,Yucatán,21.0552216,-89.6583682,220.0,5919.67
HOUSE,Chihuahua,28.691416,-106.13604,236.0,5817.17
APARTMENT,Jalisco,20.641428,-103.417295,85.0,4681.44
APARTMENT,Distrito Federal,19.367239,-99.186126,92.0,9695.29
APARTMENT,Guerrero,16.851935,-99.844955,195.0,5540.17
HOUSE,Chiapas,19.673779,-101.187927,210.0,7202.22
HOUSE,Yucatán,21.030771,-89.646347,150.0,3324.1
HOUSE,Chiapas,16.717077,-93.162903,170.0,4986.15
HOUSE,Morelos,18.813908,-99.201675,86.0,2770.08
APARTMENT,Distrito Federal,19.473001,-99.087491,79.0,1886.4
HOUSE,Yucatán,21.072905,-89.65963,190.0,5124.65
HOUSE,Guerrero,16.86597275,-99.87171739,300.0,6925.21
HOUSE,Yucatán,21.017197,-89.574516,220.0,4847.65
HOUSE,Hidalgo,20.036614,-98.77615,295.0,4986.15
HOUSE,Yucatán,21.0399331,-89.5965747,240.0,5235.46
HOUSE,Morelos,18.893921,-99.221429,160.0,7894.74
HOUSE,Quintana Roo,21.139086,-86.84964,290.0,6232.69
APARTMENT,Distrito Federal,19.271467,-99.146309,98.0,6886.43
HOUSE,San Luis Potosí,22.150696,-101.010025,172.0,4265.93
HOUSE,Tabasco,18.017324,-92.899362,98.0,1939.06
HOUSE,Tamaulipas,22.258686,-97.851753,163.0,5540.17
HOUSE,Distrito Federal,19.378482,-99.220795,100.0,10582.17
HOUSE,Morelos,18.93409,-99.254997,240.0,9418.28
HOUSE,Yucatán,21.0315095,-89.600513,325.0,9833.8
APARTMENT,Yucatán,21.072905,-89.65963,190.0,9695.29
APARTMENT,Morelos,18.923538,-99.241848,110.0,3047.09
HOUSE,Querétaro,20.681293,-100.329622,155.0,5124.65
HOUSE,Morelos,18.821062,-98.949371,120.0,3656.51
APARTMENT,Guerrero,16.8531086,-99.8236533,141.0,6371.19
APARTMENT,Puebla,19.049024,-98.281669,127.0,4681.44
APARTMENT,Yucatán,21.018724,-89.589836,60.0,2479.22
APARTMENT,Distrito Federal###,19.3934457,-99.1796926,100.0,14694.4
APARTMENT,Distrito Federal###,19.436024,-99.15461,64.0,12465.37
APARTMENT,Distrito Federal,19.378009,-99.193543,180.0,4115.24
APARTMENT,Distrito Federal,19.416294,-99.16748,117.0,15232.69
HOUSE,Morelos,18.859078,-99.176287,82.0,2105.26
HOUSE,Querétaro,20.692161,-100.465025,258.0,7756.23
HOUSE,Tabasco,23.634501,-102.552788,82.0,2354.57
HOUSE,Estado de México,19.619862,-99.146996,75.0,1949.32
HOUSE,Hidalgo,20.059035,-98.790359,240.0,7479.22
HOUSE,Estado de México,19.468129,-99.04049,86.0,2253.03
HOUSE,Yucatán,21.0424858,-89.5568382,200.0,4806.09
HOUSE,Guerrero,16.758369,-99.768737,136.0,7090.3
HOUSE,Nuevo León,25.6315927,-100.1953926,90.0,2271.47
APARTMENT,Quintana Roo,21.15958774,-86.82220861,145.0,8753.46
APARTMENT,Guerrero,16.860338,-99.870399,250.0,5263.16
APARTMENT,Guerrero,16.86656582,-99.88082886,108.0,2714.68
APARTMENT,Jalisco,20.685983,-103.447155,64.0,4072.02
HOUSE,Yucatán,21.0751632,-89.5167298,252.0,5470.82
APARTMENT,Distrito Federal###,19.376822,-99.174675,114.0,12288.09
APARTMENT,Puebla,19.0303511,-98.3143192,102.0,5124.65
HOUSE,Distrito Federal,19.433274,-99.210758,304.0,12183.1
APARTMENT,Distrito Federal,19.394358,-99.177444,100.0,12073.68
HOUSE,Morelos,18.8954874,-99.1732936,154.0,4930.75
HOUSE,Puebla,18.984862,-98.222234,289.0,11911.36
HOUSE,Yucatán,21.072905,-89.65963,90.0,3324.1
HOUSE,Morelos,18.813908,-99.201675,67.0,1800.55
HOUSE,Estado de México,19.28283025,-99.56667352,267.0,8310.25
HOUSE,Chihuahua,28.6464221,-106.0860628,233.0,8171.75
APARTMENT,Estado de México,19.5652097,-99.2646998,87.0,5124.65
HOUSE,Estado de México,19.284855,-98.950752,80.0,3656.51
HOUSE,Nayarit,20.70506,-105.269812,101.0,3462.6
HOUSE,nan###,19.2753576,-99.1675547,370.0,13850.42
HOUSE,Jalisco,20.675995,-103.420837,220.0,11218.84
HOUSE,Tamaulipas,22.3151894,-97.8573594,318.0,2493.07
HOUSE,Baja California,32.509445,-116.985857,104.0,4155.12
HOUSE,Yucatán,21.039522,-89.563911,277.0,7756.23
HOUSE,Yucatán,21.072905,-89.65963,240.0,6468.14
HOUSE,Yucatán,21.072905,-89.65963,201.0,3958.45
APARTMENT,Yucatán,21.015982,-89.705116,172.0,9279.78
APARTMENT,San Luis Potosí,22.12590752,-100.9865534,103.0,2825.48
APARTMENT,Jalisco,20.677448,-103.400405,135.0,12465.37
APARTMENT,Distrito Federal,19.4034054,-99.1825418,120.0,11016.37
HOUSE,Querétaro,20.3951106,-99.9856344,180.0,3878.12
HOUSE,Estado de México,19.536936,-99.22732,270.0,9695.29
HOUSE,Veracruz de Ignacio de la Llave,19.14966827,-96.12028599,150.0,3739.61
HOUSE,Distrito Federal,19.3434214,-99.1294848,280.0,16565.1
HOUSE,Hidalgo,20.099826,-98.772656,140.0,2728.53
HOUSE,Distrito Federal,19.473623,-99.124863,147.0,6443.12
HOUSE,Puebla,23.634501,-102.552788,173.0,7340.72
HOUSE,Querétaro,20.58787576,-100.446496,111.0,3667.59
APARTMENT,Baja California,32.440475,-116.983772,70.0,1908.59
HOUSE,Veracruz de Ignacio de la Llave,19.513165,-96.898109,130.0,6232.69
HOUSE,Hidalgo,23.634501,-102.552784,140.0,4155.12
HOUSE,Sinaloa,24.770091,-107.444782,155.0,4016.62
HOUSE,Querétaro,20.662301,-100.441093,11750.0,6925.21
APARTMENT,Quintana Roo,21.04980598,-86.85358784,178.0,10819.94
HOUSE,Chiapas,16.740425,-93.12841,170.0,4986.15
APARTMENT,Distrito Federal,19.395097,-99.150424,65.0,2794.88
HOUSE,Querétaro,20.7037,-100.462857,220.0,8864.27
HOUSE,Chihuahua,28.64073,-106.109581,300.0,10387.81
APARTMENT,Distrito Federal,19.305233,-99.12269,75.0,2506.93
APARTMENT,Estado de México,19.379597,-99.293808,80.0,8782.27
HOUSE,Estado de México,19.26183971,-99.58393506,195.0,7202.22
HOUSE,Durango,25.553129,-103.510059,187.0,2216.07
APARTMENT,Morelos,18.93409,-99.254997,130.0,4986.15
HOUSE,Guerrero,16.838398,-99.897744,113.0,5124.65
HOUSE,Estado de México,19.482168,-99.264038,140.0,1790.62
HOUSE,Sinaloa###,24.8427771,-107.3931108,117.0,2493.07
HOUSE,Quintana Roo,21.101317,-86.862888,182.0,7063.71
HOUSE,Quintana Roo,21.164147,-86.868479,330.0,10420.11
HOUSE,Nuevo León,25.64423457,-100.2966356,228.0,7479.22
HOUSE,Sonora,29.0904798,-110.9747137,298.0,9695.29
HOUSE,Baja California Sur,24.15963233,-110.3057599,96.0,3462.6
HOUSE,Tamaulipas,22.2465535,-97.8721436,109.0,4155.12
HOUSE,Estado de México,19.569101,-99.303513,180.0,13241.0
HOUSE,Querétaro,20.555649,-100.38488,325.0,10858.73
APARTMENT,Distrito Federal,19.258038,-99.161589,160.0,7756.23
APARTMENT,Distrito Federal,19.377171,-99.188503,75.0,5617.73
HOUSE,Morelos,18.892714,-99.1996,90.0,3047.09
HOUSE,Estado de México,19.636706,-99.101569,250.0,6925.21
HOUSE,Veracruz de Ignacio de la Llave,18.134026,-94.476112,235.0,8725.76
APARTMENT,Distrito Federal,19.401509,-99.154034,90.0,6126.5
HOUSE,Tabasco,18.072582,-93.165413,350.0,3490.3
HOUSE,Yucatán,21.072905,-89.65963,190.0,5124.65
HOUSE,San Luis Potosí,22.148722,-101.00119,190.0,6094.18
HOUSE,San Luis Potosí,22.18978923,-100.9525537,138.0,2631.58
HOUSE,Puebla,18.96295456,-98.27967882,222.0,7977.84
HOUSE,Morelos,18.8859084,-99.19064,110.0,4570.64
HOUSE,Chihuahua,28.643902,-106.130157,355.0,13711.91
APARTMENT,Distrito Federal,19.375374,-99.137657,110.0,4099.72
HOUSE,Distrito Federal,19.52395,-99.152881,95.0,7770.08
HOUSE,Guerrero,16.757619,-99.767532,140.0,7617.73
HOUSE,Aguascalientes,21.9243493,-102.2833909,140.0,1883.66
HOUSE,Quintana Roo,21.1351429,-86.837489,80.0,2354.57
HOUSE,Nuevo León,25.733049,-100.22847,200.0,3656.51
HOUSE,Jalisco,20.579091,-103.430379,164.0,4570.64
HOUSE,Nuevo León,25.731798,-100.349091,180.0,3907.07
APARTMENT,Estado de México,19.401066,-99.277168,190.0,16066.48
HOUSE,Yucatán,21.00227,-89.5650908,131.0,3662.05
HOUSE,Quintana Roo,20.680066,-87.038345,208.0,9307.48
APARTMENT,Guerrero,16.86483064,-99.87526059,61.0,2354.57
HOUSE,Jalisco,20.760167,-103.379168,83.0,2354.57
HOUSE,Yucatán,21.02838037,-89.56463993,174.0,1869.81
HOUSE,Tlaxcala,19.341597,-98.215828,180.0,8864.27
HOUSE,Veracruz de Ignacio de la Llave,25.596904,-103.4203,118.0,2354.57
HOUSE,Chiapas,19.665554,-101.235738,115.0,4085.87
HOUSE,Nuevo León,25.7708161,-100.4340179,100.0,3185.6
HOUSE,Tamaulipas,22.2331041,-97.861099,130.0,4847.65
HOUSE,Nuevo León,25.723276,-100.401518,278.0,12659.28
HOUSE,Puebla,19.044477,-98.328011,260.0,12465.37
HOUSE,Estado de México,19.562922,-99.254974,120.0,2409.97
APARTMENT,Nuevo León,25.580088,-100.239685,130.0,5484.76
HOUSE,Morelos,23.634501,-102.552788,290.0,11634.35
APARTMENT,Distrito Federal,19.34189,-99.166374,80.0,5141.0
HOUSE,Querétaro,20.675023,-100.457086,304.0,14404.43
HOUSE,Estado de México,19.532259,-99.23214,220.0,10736.84
HOUSE,Tamaulipas,22.29275303,-97.89062485,88.0,3185.6
HOUSE,Morelos,18.864874,-98.925911,130.0,4570.64
HOUSE,Querétaro###,20.726007,-100.442642,290.0,10498.61
HOUSE,Nayarit,20.7204378,-105.2706825,152.0,3462.6
APARTMENT,Estado de México,19.291351,-99.668945,85.0,2526.32
APARTMENT,Quintana Roo,21.152496,-86.869834,99.0,7756.23
HOUSE,Nuevo León,25.56551,-100.223213,350.0,11772.85
HOUSE,Morelos,18.813505,-98.953514,140.0,3324.1
HOUSE,Morelos,18.804409,-98.959038,230.0,3462.6
HOUSE,Nuevo León,25.584658,-100.257912,350.0,13822.71
HOUSE,Estado de México,19.225745,-99.567856,270.0,10941.83
HOUSE,Jalisco,20.763189,-103.389053,95.0,4293.63
APARTMENT,Distrito Federal,19.367025,-99.170349,85.0,8725.76
HOUSE,Querétaro,20.604974,-100.409786,110.0,2742.38
HOUSE,San Luis Potosí,22.133745,-101.016029,126.0,5952.91
HOUSE,Puebla###,19.0303511,-98.3143192,122.0,5983.38
APARTMENT,Distrito Federal,19.3418937,-99.2245237,145.0,12880.89
HOUSE,Veracruz de Ignacio de la Llave,20.963127,-97.385071,200.0,9695.29
HOUSE,Estado de México,19.550089,-99.214828,87.0,2684.21
HOUSE,Morelos,18.8879389,-99.0247871,76.0,3601.11
HOUSE,Yucatán,21.030668,-89.599258,144.0,4567.87
HOUSE,Distrito Federal,19.353592,-99.177275,360.0,12149.58
HOUSE,Yucatán,21.01144518,-89.57977295,222.0,5955.68
HOUSE,Estado de México,19.263756,-99.540924,134.0,4847.65
HOUSE,Baja California,32.469454,-117.003688,93.0,4706.37
HOUSE,Yucatán,21.039522,-89.563911,181.0,5152.35
HOUSE,Quintana Roo,20.6295586,-87.0738851,143.0,6731.3
HOUSE,Querétaro,20.5745579,-100.4129676,160.0,10249.31
HOUSE,Jalisco,20.62192,-103.259237,250.0,5817.17
APARTMENT,Yucatán,21.06334852,-89.61303592,60.0,2462.6
HOUSE,Puebla,19.036623,-98.190544,204.0,4155.12
HOUSE,Distrito Federal,19.358008,-99.127094,95.0,5324.1
APARTMENT,Distrito Federal,19.415143,-99.14685,70.0,1916.9
HOUSE,Veracruz de Ignacio de la Llave,18.1479784,-94.4626507,157.0,6371.19
APARTMENT,Guerrero,16.794599,-99.83012,230.0,10941.83
HOUSE,Querétaro,20.594322,-100.365929,298.0,9141.27
HOUSE,Morelos,18.919898,-98.978835,190.0,5124.65
HOUSE,Veracruz de Ignacio de la Llave,19.074387,-96.086259,245.0,7963.99
HOUSE,Estado de México,19.72876,-99.461708,90.0,3698.06
HOUSE,Jalisco,23.634501,-102.552788,127.0,4432.13
HOUSE,Yucatán,20.999449,-89.6334,300.0,12049.86
HOUSE,Yucatán,21.0411724,-89.5550539,215.0,5166.44
HOUSE,Puebla,19.105051,-98.243682,170.0,5124.65
APARTMENT,Yucatán,21.0381057,-89.5933722,186.0,7828.4
HOUSE,Baja California,32.63496,-115.391907,110.0,5401.66
HOUSE,Yucatán,21.039522,-89.563911,223.0,6627.72
HOUSE,Veracruz de Ignacio de la Llave###,25.659972,-103.366303,170.0,2603.88
HOUSE,Tamaulipas,22.2722052,-97.8476749,214.0,6786.7
HOUSE,Querétaro###,20.6962084,-100.4506587,120.0,4016.62
HOUSE,Estado de México,19.497893,-99.244125,250.0,12326.87
HOUSE,Querétaro,20.389062,-99.957622,95.0,2576.18
APARTMENT,Guerrero###,16.828667,-99.858981,137.0,5124.65
HOUSE,Querétaro,20.705742,-100.444016,12900.0,11080.33
APARTMENT,Distrito Federal,19.35782,-99.149406,80.0,3587.26
HOUSE,Morelos,18.864874,-98.925911,121.0,3462.6
HOUSE,Distrito Federal,19.342911,-99.224472,120.0,9049.95
HOUSE,Querétaro,20.5951924,-100.3479663,180.0,6315.79
HOUSE,Estado de México,23.634501,-102.552788,150.0,1861.5
APARTMENT,Querétaro,20.726007,-100.442642,135.0,6094.18
HOUSE,Yucatán,21.0278699,-89.5880314,240.0,9695.29
HOUSE,Morelos,18.91473109,-98.94081116,140.0,6232.69
HOUSE,Yucatán,20.968147,-89.629875,70.0,4155.12
HOUSE,Yucatán,21.039522,-89.563911,220.0,6232.69
HOUSE,Morelos,18.850763,-98.943855,160.0,4432.13
HOUSE,Querétaro,20.726007,-100.442642,250.0,10249.31
HOUSE,Tamaulipas,22.270658,-97.849037,380.0,13850.42
HOUSE,Jalisco,20.748312,-103.429504,96.0,4085.87
HOUSE,Querétaro,20.614635,-100.416756,139.0,4847.65
HOUSE,San Luis Potosí,22.152988,-100.965364,12500.0,6094.18
HOUSE,Yucatán,21.039522,-89.563911,220.0,4958.45
HOUSE,Nuevo León###,25.723516,-100.393311,290.0,9540.17
HOUSE,Veracruz de Ignacio de la Llave,19.563767,-96.938694,300.0,12049.86
APARTMENT,Distrito Federal,19.474885,-99.188231,92.0,3739.61
HOUSE,Estado de México,19.508698,-98.875664,260.0,2357.34
APARTMENT,Distrito Federal,19.303392,-99.243225,80.0,2759.38
APARTMENT,Guerrero###,16.794434,-99.830807,256.0,16164.59
HOUSE,Tamaulipas,22.300137,-97.897331,111.0,3324.1
HOUSE,Veracruz de Ignacio de la Llave,26.847851,-101.424133,160.0,3527.7
HOUSE,Baja California,23.634501,-102.552788,115.0,2243.77
APARTMENT,Puebla,19.02038,-98.207626,219.0,5332.41
HOUSE,Hidalgo###,20.0519991,-98.755252,110.0,2354.57
HOUSE,Distrito Federal,19.399652,-99.16127,235.0,10803.32
HOUSE,Durango,24.043295,-104.636917,350.0,12465.37
HOUSE,Veracruz de Ignacio de la Llave,25.551631,-103.432737,236.0,2077.56
HOUSE,Querétaro,20.574251,-100.388476,195.0,3324.1
HOUSE,Morelos,18.953268,-99.224525,201.0,4155.12
APARTMENT,Morelos,18.891611,-99.221756,93.0,2603.88
APARTMENT,San Luis Potosí,22.1441622,-101.0358237,160.0,4706.37
HOUSE,Estado de México,19.2693686,-99.6021262,250.0,15512.47
HOUSE,Estado de México,19.595285,-99.050201,120.0,1939.06
HOUSE,Sonora,27.934649,-110.94401,134.0,3047.09
HOUSE,Sinaloa,24.79119169,-107.3835468,300.0,7617.73
HOUSE,Distrito Federal,19.500286,-99.122093,180.0,6232.69
HOUSE,Morelos###,18.864482,-98.928802,121.0,3462.6
HOUSE,Distrito Federal,19.366935,-99.077541,208.0,4057.34
HOUSE,San Luis Potosí,23.634501,-102.552788,198.0,5817.17
HOUSE,Nayarit,20.697244,-105.274384,160.0,8171.75
HOUSE,Puebla,19.02038,-98.207626,330.0,9695.29
HOUSE,Quintana Roo,21.1773896,-86.8179603,290.0,6232.69
HOUSE,Tabasco,17.97423,-92.923836,110.0,2908.59
HOUSE,Distrito Federal###,19.313719,-99.231792,300.0,5457.06
HOUSE,Durango,25.58972991,-103.4631872,118.0,2631.58
HOUSE,Quintana Roo###,21.161908,-86.8515279,204.0,8282.55
HOUSE,Yucatán###,21.03071,-89.618103,131.0,3739.61
APARTMENT,Distrito Federal,19.39912,-99.141464,74.0,9229.92
HOUSE,Yucatán,21.05632272,-89.66288656,220.0,5540.17
HOUSE,Querétaro,20.598278,-100.33121,140.0,4875.35
HOUSE,Sinaloa,23.270559,-106.389061,158.0,3739.61
HOUSE,Baja California Sur,23.634501,-102.552788,80.0,2631.58
APARTMENT,Guerrero,16.85952231,-99.86284733,142.0,5817.17
HOUSE,Morelos,18.884224,-98.982506,150.0,2437.67
HOUSE,Morelos,18.862602,-99.213448,160.0,5429.36
APARTMENT,Distrito Federal,19.40012,-99.1532,84.0,4914.13
HOUSE,Veracruz de Ignacio de la Llave,25.55617,-103.481529,307.0,5817.17
HOUSE,nan###,25.573046,-103.443045,200.0,1883.66
HOUSE,Chihuahua,28.6569304,-106.0919272,115.0,3601.11
HOUSE,Veracruz de Ignacio de la Llave,28.684125,-100.541089,160.0,2354.57
HOUSE,Tamaulipas,22.254078,-97.824554,140.0,3185.6
HOUSE,Chiapas,16.766455,-93.111488,240.0,3545.71
HOUSE,Querétaro,20.545198,-100.407191,140.0,2908.59
HOUSE,San Luis Potosí,22.18774276,-100.9580845,200.0,3559.56
HOUSE,Morelos,18.864874,-98.925911,86.0,2437.67
HOUSE,Tamaulipas,26.079573,-98.282845,268.0,6094.18
APARTMENT,Veracruz de Ignacio de la Llave,19.127317,-96.106186,160.0,8033.24
APARTMENT,Distrito Federal,19.340305,-99.214455,60.0,6371.19
APARTMENT,Distrito Federal,19.35743172,-99.28732574,67.0,7340.72
HOUSE,Estado de México,19.69323,-99.22522,70.0,2794.63
HOUSE,Distrito Federal,19.325944,-99.098311,250.0,5678.67
HOUSE,Jalisco,20.621093,-103.319042,380.0,10249.31
HOUSE,San Luis Potosí,22.141575,-100.900192,245.0,4432.13
HOUSE,Puebla,18.978682,-98.250015,128.0,3601.11
HOUSE,Querétaro,20.619887,-100.392302,350.0,10249.31
HOUSE,Morelos,18.892714,-99.1996,285.0,10387.81
HOUSE,Chiapas,16.70635,-93.177151,115.0,2825.48
HOUSE,Estado de México,19.297163,-99.635183,230.0,5540.17
HOUSE,Veracruz de Ignacio de la Llave,20.95062266,-97.42163144,64.0,2354.57
HOUSE,Yucatán,20.9725515,-89.6004394,229.0,2714.68
HOUSE,Distrito Federal,19.317675,-99.09318,229.0,9695.29
HOUSE,Morelos,18.879347,-99.179871,95.0,3739.61
HOUSE,Durango,25.625198,-103.499954,132.0,2409.97
APARTMENT,Distrito Federal,19.401507,-99.14682,90.0,4792.24
APARTMENT,Distrito Federal,19.474285,-99.084981,74.0,1894.74
HOUSE,Morelos,18.928623,-99.247382,220.0,4709.14
HOUSE,Sinaloa,23.246303,-106.398103,200.0,2770.08
HOUSE,Morelos,18.969294,-99.249802,198.0,7202.22
APARTMENT,Guerrero,16.75063911,-99.76263069,70.0,2299.17
HOUSE,Distrito Federal,19.335116,-99.223332,90.0,9030.47
APARTMENT,Distrito Federal,19.402944,-99.199727,70.0,3223.27
HOUSE,Estado de México,19.682219,-99.118782,188.0,8587.26
HOUSE,Nuevo León,25.7214602,-100.2735673,85.0,3324.1
HOUSE,Querétaro,20.5980665,-100.4308988,115.0,3739.61
HOUSE,Nuevo León,25.672399,-100.257777,123.0,3379.5
HOUSE,Yucatán,20.9550515,-89.6793392,120.0,2160.66
APARTMENT,Jalisco,20.69064,-103.393175,166.0,14452.26
HOUSE,Estado de México,19.258327,-99.598374,215.0,13005.54
HOUSE,Querétaro,20.726007,-100.442642,295.0,14404.43
APARTMENT,Distrito Federal,19.403334,-99.157755,125.0,12687.4
APARTMENT,Baja California,32.451368,-116.973935,70.0,1899.58
HOUSE,Aguascalientes,21.901482,-102.34405,350.0,10664.82
HOUSE,Jalisco,20.302476,-103.23781,340.0,16479.22
HOUSE,Puebla,19.076204,-98.266733,117.0,3739.61
APARTMENT,Distrito Federal,19.48778,-99.110583,65.0,2770.08
HOUSE,Quintana Roo,21.129547,-86.817017,180.0,5124.65
HOUSE,Puebla,19.046724,-98.254127,136.0,6329.09
APARTMENT,Distrito Federal,19.352431,-99.288369,80.0,8033.24
HOUSE,Nuevo León,25.7542524,-100.4034274,137.0,3739.61
HOUSE,Yucatán,21.006756,-89.570984,155.0,3739.61
HOUSE,Morelos,18.891621,-99.071698,68.0,2188.37
APARTMENT,Distrito Federal,23.634501,-102.552788,100.0,4155.12
HOUSE,Nuevo León###,25.6910283,-100.3568071,340.0,16343.49
HOUSE,Jalisco,20.594706,-103.396278,90.0,2714.68
HOUSE,Veracruz de Ignacio de la Llave,23.634501,-102.552788,148.0,4293.63
HOUSE,Puebla,18.989918,-98.2295,220.0,4709.14
HOUSE,Puebla,19.043993,-98.25757,188.0,4155.12
HOUSE,Hidalgo,20.1213329,-98.7818531,66.0,1800.55
APARTMENT,Distrito Federal,19.400249,-99.177444,150.0,14404.43
HOUSE,Yucatán,21.023252,-89.614571,300.0,8587.26
HOUSE,Hidalgo,20.124367,-98.735725,176.0,4340.72
HOUSE,Veracruz de Ignacio de la Llave,25.510947,-103.357724,146.0,2493.07
APARTMENT,Distrito Federal,19.480501,-99.178139,70.0,2409.97
HOUSE,Yucatán,21.030668,-89.599258,305.0,9972.3
HOUSE,Querétaro,20.679045,-100.341225,157.0,5401.66
HOUSE,Baja California,32.469498,-116.96022,111.0,1800.55
HOUSE,Tamaulipas,22.329824,-97.880325,138.0,4376.73
APARTMENT,Yucatán,21.039522,-89.563911,145.0,6647.19
APARTMENT,Guerrero,16.870413,-99.873192,150.0,10110.8
HOUSE,Estado de México,19.765149,-98.646915,380.0,5512.47
HOUSE,Distrito Federal,19.280767,-99.033615,349.0,5018.07
APARTMENT,Distrito Federal,19.389791,-99.164696,154.0,13850.42
HOUSE,Estado de México,19.668947,-99.224525,90.0,2105.26
HOUSE,Puebla,19.009069,-98.196693,148.0,4709.14
HOUSE,Baja California,32.494823,-117.016725,92.0,2714.68
HOUSE,San Luis Potosí,22.1447396,-101.0273412,166.0,5263.16
HOUSE,Baja California,30.733356,-115.984407,200.0,4709.14
APARTMENT,Distrito Federal,19.405298,-99.164986,80.0,11855.96
HOUSE,Querétaro,20.5969621,-100.3337597,193.0,6232.69
HOUSE,Morelos,23.634501,-102.552788,115.0,2991.69
HOUSE,Distrito Federal,19.34016,-99.194081,90.0,4208.1
HOUSE,Yucatán,21.075163,-89.516731,185.0,3961.22
HOUSE,Tamaulipas,22.257896,-97.86808,200.0,7479.22
APARTMENT,Guerrero,16.8531086,-99.8236533,138.0,3601.11
HOUSE,Puebla,19.027384,-98.265213,160.0,6371.19
HOUSE,Estado de México,19.309069,-99.602311,146.0,5263.16
HOUSE,Sinaloa,23.20485,-106.424401,200.0,6232.69
HOUSE,Chihuahua,28.631943,-106.117668,170.0,4293.63
HOUSE,Yucatán,21.0399331,-89.5965747,235.0,6748.35
HOUSE,Guerrero###,16.8808724,-99.9359641,104.0,2354.57
HOUSE,Baja California Sur,24.125583,-110.330846,128.0,4958.45
APARTMENT,Distrito Federal,19.41498,-99.177444,164.0,15235.46
HOUSE,Yucatán,20.996355,-89.583946,248.0,6648.2
HOUSE,Estado de México,19.494789,-99.270887,151.0,5567.87
HOUSE,Guerrero,17.6474239,-101.5455504,119.0,6582.83
HOUSE,Estado de México,19.2666119,-99.6403991,191.0,6094.18
HOUSE,Quintana Roo,21.161908,-86.8515279,210.0,5470.91
APARTMENT,Distrito Federal,19.377171,-99.188503,72.0,5617.73
APARTMENT,Distrito Federal,19.2790911,-99.2114234,76.0,2136.52
HOUSE,Veracruz de Ignacio de la Llave###,20.95618,-97.408578,112.0,5540.17
HOUSE,San Luis Potosí,22.141575,-100.900192,229.0,5951.8
APARTMENT,Distrito Federal,19.443178,-99.20237,115.0,12562.33
HOUSE,Puebla,18.915431,-98.435252,200.0,5235.46
HOUSE,Tabasco,17.962037,-92.973569,139.0,3462.6
APARTMENT,Distrito Federal,19.30102797,-99.14421916,108.0,4570.64
APARTMENT,Veracruz de Ignacio de la Llave,20.949051,-97.364006,300.0,10249.31
HOUSE,Estado de México,19.627731,-99.30194,146.0,2409.97
HOUSE,Baja California Sur,24.03902146,-110.3097618,250.0,8171.75
HOUSE,Quintana Roo,21.112447,-86.85264,180.0,6925.21
APARTMENT,Distrito Federal,19.451872,-99.173522,70.0,3518.01
HOUSE,Morelos,18.840925,-98.934196,110.0,4986.15
HOUSE,Veracruz de Ignacio de la Llave,25.558637,-103.449786,250.0,6094.18
APARTMENT,Distrito Federal,19.401507,-99.14682,65.0,4792.24
HOUSE,Querétaro,20.726007,-100.442642,6750.0,6094.18
HOUSE,Morelos,18.795519,-99.231445,165.0,4930.75
HOUSE,Morelos,18.885848,-98.973834,82.0,3983.93
HOUSE,Querétaro,20.403807,-99.990905,110.0,3268.7
HOUSE,San Luis Potosí,22.134478,-100.929138,97.0,2146.81
HOUSE,Estado de México,19.5562275,-99.2674713,64.0,2770.08
APARTMENT,Querétaro,20.726007,-100.442642,173.0,12188.37
HOUSE,Nuevo León,25.757803,-100.404541,179.0,5235.46
HOUSE,Distrito Federal,19.475765,-99.145,270.0,6925.21
HOUSE,Puebla,19.060701,-98.329774,255.0,7340.72
HOUSE,Veracruz de Ignacio de la Llave,25.365447,-100.9942,167.0,4000.0
APARTMENT,Guerrero,23.634501,-102.552788,180.0,5540.17
HOUSE,Baja California,32.589504,-115.363762,86.0,2188.37
HOUSE,Puebla,18.97302,-98.206238,210.0,7894.74
APARTMENT,Yucatán,21.072905,-89.65963,210.0,5474.38
HOUSE,Nuevo León,25.758963,-100.316811,175.0,3462.6
HOUSE,Puebla,19.0378006,-98.3007086,165.0,5872.58
HOUSE,Distrito Federal,19.3870644,-99.0362059,300.0,7063.71
HOUSE,Querétaro,20.70706703,-100.4718161,309.0,10249.31
HOUSE,Puebla,19.046589,-98.102929,92.0,1745.15
HOUSE,Nuevo León,25.7394971,-100.2754971,164.0,3462.6
HOUSE,Veracruz de Ignacio de la Llave,19.100079,-96.121007,220.0,7894.74
HOUSE,San Luis Potosí,22.147087,-100.960213,105.0,3047.09
HOUSE,Guanajuato,21.1264477,-101.611078,250.0,6343.49
HOUSE,Morelos,18.917542,-98.963181,140.0,4016.62
HOUSE,Estado de México,19.234984,-99.558175,115.0,5817.17
HOUSE,Puebla,18.9187144,-98.4266391,90.0,2465.37
HOUSE,Yucatán,21.075163,-89.516731,185.0,4695.29
HOUSE,Estado de México,19.2640539,-99.5727534,233.0,8875.62
APARTMENT,Veracruz de Ignacio de la Llave,19.511938,-96.871956,84.0,3605.72
HOUSE,Jalisco,20.689157,-103.366728,175.0,5408.58
HOUSE,Yucatán,21.0441317,-89.6216334,223.0,6656.71
HOUSE,Quintana Roo,21.129547,-86.817017,179.0,6379.35
HOUSE,Guanajuato,21.003574,-101.285683,205.0,11940.48
HOUSE,Chiapas,19.667873,-101.233465,130.0,4020.81
APARTMENT,Distrito Federal,19.443178,-99.144234,67.0,2634.32
APARTMENT,Distrito Federal,19.396593,-99.133163,80.0,2688.22
HOUSE,Guanajuato,21.1299039,-101.6220159,263.0,8049.08
APARTMENT,Distrito Federal,19.524143,-99.160149,60.0,1802.43
HOUSE,Morelos,18.920345,-99.235603,122.0,5447.41
APARTMENT,Guerrero,16.863794,-99.881614,191.0,12481.34
HOUSE,Veracruz de Ignacio de la Llave,19.136782,-96.123543,220.0,5490.49
APARTMENT,Distrito Federal,19.403334,-99.145021,153.0,3454.4
HOUSE,Yucatán,21.0411724,-89.5550539,205.0,4742.91
HOUSE,Estado de México,19.484794,-98.874065,260.0,4824.97
APARTMENT,Distrito Federal,19.378533,-99.187561,107.0,4181.25
HOUSE,Nuevo León,25.740887,-100.385582,192.0,6100.54
HOUSE,Chiapas,16.769737,-93.088928,106.0,2772.97
HOUSE,Jalisco,20.650429,-103.374611,190.0,7904.85
APARTMENT,Quintana Roo,21.139086,-86.84964,203.0,9985.07
APARTMENT,Distrito Federal,19.413079,-99.174228,140.0,14419.46
HOUSE,Morelos,18.900852,-99.213448,200.0,9150.81
HOUSE,Estado de México,19.595285,-99.050201,149.0,5268.65
APARTMENT,Estado de México,19.531834,-99.240456,117.0,7627.48
HOUSE,Veracruz de Ignacio de la Llave,23.634501,-102.552788,233.0,5240.92
HOUSE,Quintana Roo,21.137991,-86.870964,280.0,4852.7
HOUSE,San Luis Potosí,22.169217188,-101.0471907892,190.0,5213.19
HOUSE,Nuevo León,23.634501,-102.552788,200.0,5185.46
HOUSE,Estado de México,19.101794,-98.87164,300.0,2772.97
HOUSE,Distrito Federal,19.2790911,-99.2114234,117.0,7487.03
APARTMENT,Oaxaca,15.752900306,-96.1357247829,83.0,3591.85
HOUSE,Distrito Federal,19.343664,-99.212308,350.0,12755.67
HOUSE,Morelos,18.93409,-99.254997,198.0,6516.49
HOUSE,Estado de México###,19.534415,-99.023333,280.0,2896.83
HOUSE,Puebla,19.043223,-98.268716,168.0,4852.7
APARTMENT,Puebla,19.0527224248,-98.2346042991,75.0,4299.13
HOUSE,Morelos,18.981213,-99.206345,200.0,6100.54
APARTMENT,Distrito Federal,19.395097,-99.150424,80.0,2797.8
HOUSE,Morelos,18.862602,-99.213448,305.0,9985.07
HOUSE,Jalisco,20.594334,-103.425086,90.0,3050.27
HOUSE,Puebla,18.9915056,-98.2181614,152.0,5547.26
APARTMENT,San Luis Potosí,22.125832,-101.035118,144.0,5269.9
APARTMENT,Nuevo León,25.592172,-99.9961947,87.0,9131.1
HOUSE,Estado de México,19.295469,-99.692619,84.0,2630.87
HOUSE,Guanajuato,20.703063,-101.339442,90.0,2911.62
HOUSE,Chiapas,19.670241,-101.190542,190.0,8734.86
HOUSE,Chiapas,19.673779,-101.187927,260.0,8318.92
APARTMENT,Estado de México,19.508253,-99.254997,113.0,8088.76
HOUSE,Querétaro,20.5969621,-100.3337597,95.0,2773.63
HOUSE,Yucatán,21.0181429,-89.6396127,180.0,3827.61
HOUSE,Querétaro,20.723525,-100.45586,248.0,7958.43
HOUSE,Querétaro,20.729762,-100.467159,198.0,6932.43
HOUSE,Veracruz de Ignacio de la Llave,18.7696195,-95.758949,245.0,7766.16
HOUSE,Distrito Federal,19.410632,-99.13847,140.0,8568.49
HOUSE,Estado de México,19.672207,-99.015656,158.0,4539.36
HOUSE,Chihuahua,28.6103324259,-106.1123085022,200.0,7072.76
HOUSE,Baja California Sur,23.634501,-102.552788,100.0,2354.25
APARTMENT,Tabasco,17.928942,-92.912029,67.0,1885.62
HOUSE,Veracruz de Ignacio de la Llave,19.1553371,-96.1682507,14100.0,3605.72
HOUSE,Veracruz de Ignacio de la Llave,20.957177,-97.410652,350.0,6100.54
HOUSE,Querétaro,20.543838,-100.412211,145.0,6100.54
HOUSE,Veracruz de Ignacio de la Llave,19.1564195,-96.111619,190.0,6559.64
HOUSE,Distrito Federal,19.275725,-99.129684,80.0,6976.8
HOUSE,Morelos,18.90666,-98.965851,330.0,9705.4
APARTMENT,Distrito Federal,19.342083,-99.0532159,83.0,2767.1
HOUSE,Morelos,18.926468,-99.214211,340.0,15251.35
HOUSE,Querétaro,20.5828187131,-100.417855382,93.0,3106.47
APARTMENT,Distrito Federal,19.427607,-99.160835,102.0,9329.86
HOUSE,Chiapas,16.770111,-93.08167,144.0,3743.51
APARTMENT,Distrito Federal,19.460046,-99.140495,70.0,4159.46
HOUSE,Morelos,18.9015371,-98.9336558,200.0,6518.03
HOUSE,Querétaro###,20.5198184,-100.3933074,123.0,4483.06
HOUSE,Estado de México,19.682383,-98.984458,74.0,1755.29
HOUSE,Querétaro,20.582091,-100.391196,300.0,12478.38
APARTMENT,Puebla,19.0733273,-98.2658243,164.0,9707.71
HOUSE,Quintana Roo,21.161908,-86.8515279,220.0,7209.73
APARTMENT,Morelos,18.949474,-99.232381,129.0,7211.44
HOUSE,Morelos,18.795519,-99.231445,71.0,1913.35
HOUSE,Veracruz de Ignacio de la Llave,25.484016,-100.966568,290.0,6100.54
HOUSE,Querétaro,20.536322,-100.436844,280.0,10814.59
HOUSE,Distrito Federal,19.343424,-99.135933,182.0,3604.86
HOUSE,Colima,19.274727,-103.74485,329.0,5491.79
HOUSE,Querétaro,20.5412697,-100.3997814,110.0,3106.47
HOUSE,Nuevo León,25.7296370244,-100.2941036224,310.0,12481.34
HOUSE,Morelos,18.835054,-98.951226,250.0,3604.86
APARTMENT,Distrito Federal,19.368475,-99.17952,81.0,7875.24
HOUSE,Distrito Federal,19.285891,-99.108269,210.0,4523.64
APARTMENT,Distrito Federal,19.392302,-99.154385,150.0,11732.85
HOUSE,Distrito Federal,19.2925929444,-99.1806221008,96.0,7294.65
HOUSE,Veracruz de Ignacio de la Llave,19.0652948,-96.069905,239.0,7280.78
HOUSE,Jalisco,20.6129,-103.464564,275.0,8596.22
HOUSE,Yucatán,21.03071,-89.618103,126.0,4077.24
HOUSE,Chiapas,19.710472,-101.222626,190.0,3327.57
HOUSE,Estado de México,19.476202,-99.261893,230.0,15251.35
HOUSE,Chihuahua,28.663404,-106.133102,182.0,17196.51
HOUSE,Veracruz de Ignacio de la Llave,19.137135,-96.112946,125.0,3188.92
APARTMENT,Querétaro,20.696185,-100.450005,132.0,4935.89
HOUSE,Hidalgo,20.092012,-98.741743,116.0,4425.66
HOUSE,Chiapas,16.765467,-93.105786,370.0,10121.35
HOUSE,Yucatán,21.039522,-89.563911,195.0,4822.75
APARTMENT,Puebla,18.989942,-98.247486,100.0,2939.35
HOUSE,Veracruz de Ignacio de la Llave,18.898756,-96.998779,130.0,3604.86
HOUSE,Veracruz de Ignacio de la Llave,19.119549,-96.107643,232.0,6599.68
HOUSE,Distrito Federal,19.353288,-99.244721,90.0,7179.23
HOUSE,Sonora,29.083198,-110.993222,162.0,3050.27
HOUSE,Puebla,19.044477,-98.328011,165.0,5859.57
HOUSE,Distrito Federal,19.510133,-99.100025,171.0,7431.57
HOUSE,Morelos,18.850763,-98.943855,168.0,3549.4
HOUSE,Nuevo León,25.758372724,-100.2713531256,98.0,2274.38
HOUSE,Querétaro,20.726007,-100.442642,260.0,8596.22
APARTMENT,Distrito Federal,19.345528,-99.189906,60.0,2470.72
HOUSE,Morelos,18.935198,-99.232834,300.0,15251.35
HOUSE,Estado de México,19.229864,-99.597954,256.0,9707.71
HOUSE,Morelos,18.936026,-99.216217,220.0,10814.59
HOUSE,Tabasco,18.053865,-92.937809,182.0,4298.11
HOUSE,Querétaro,20.705742,-100.444016,185.0,7736.59
HOUSE,Yucatán,21.012869,-89.636932,96.0,3037.13
HOUSE,Morelos,18.948607,-99.243812,180.0,9707.71
HOUSE,Morelos,18.95299,-99.259592,180.0,5407.3
HOUSE,Morelos,18.8816687,-99.1632665,90.0,3591.85
HOUSE,Querétaro,20.5884382058,-100.4006266594,243.0,10537.3
HOUSE,Yucatán,20.9973786,-89.6296213,170.0,2024.75
APARTMENT,Distrito Federal,19.33923,-99.218987,83.0,7764.32
HOUSE,Chiapas,16.766967,-93.123362,239.0,11923.78
HOUSE,Chihuahua,28.631689,-106.102234,200.0,6074.25
HOUSE,Querétaro,20.58966,-100.366899,335.0,13171.62
HOUSE,Morelos,18.862602,-99.213448,210.0,7473.16
APARTMENT,Querétaro,20.59808,-100.337153,90.0,3022.54
APARTMENT,Quintana Roo,21.1789333275,-86.8123199791,75.0,1802.86
APARTMENT,Nuevo León,25.6689477,-100.3536491,117.0,7407.44
HOUSE,Guerrero,16.862803,-99.894829,147.0,4881.59
APARTMENT,Sinaloa,23.296583,-106.479973,134.0,9150.81
HOUSE,Yucatán,21.0012449,-89.5674103,133.0,4007.9
HOUSE,Estado de México,19.666832,-99.236992,69.0,2357.03
HOUSE,Nuevo León,25.668703,-100.405373,101.0,11094.52
HOUSE,Jalisco,20.663444,-103.426533,350.0,13795.54
APARTMENT,Estado de México,19.521015,-99.23091,130.0,9012.16
HOUSE,Sinaloa,23.286216,-106.427007,180.0,4575.4
HOUSE,Estado de México,19.6378074,-99.1995969,254.0,9014.3
HOUSE,Hidalgo,20.084376,-98.367993,279.0,6932.43
HOUSE,Morelos,18.850763,-98.943855,110.0,3854.43
APARTMENT,Distrito Federal,19.444723,-99.186447,70.0,2193.73
HOUSE,Distrito Federal,19.403597,-99.149771,380.0,13554.29
APARTMENT,Baja California,32.486292,-117.054763,63.0,1937.75
HOUSE,Guerrero,16.8583631,-99.8508616,354.0,14051.36
APARTMENT,Veracruz de Ignacio de la Llave,19.1005941575,-96.1070613563,76.0,4436.76
APARTMENT,Estado de México,19.479437,-99.236561,75.0,5547.26
HOUSE,Morelos,18.981213,-99.206345,240.0,9649.95
HOUSE,Querétaro,20.624242,-100.390194,172.0,4576.49
APARTMENT,Estado de México,19.508253,-99.254997,113.0,8088.76
APARTMENT,Distrito Federal,19.394073,-99.153915,82.0,8157.25
HOUSE,nan###,18.878128,-99.187238,110.0,4436.76
APARTMENT,Querétaro,20.5862687746,-100.3786790371,63.0,5963.31
HOUSE,Morelos,18.961286,-99.212621,60.0,1830.16
HOUSE,Querétaro###,20.628052,-100.404541,254.0,7766.16
HOUSE,Campeche,18.660893,-91.7663706,264.0,9097.51
HOUSE,Veracruz de Ignacio de la Llave,19.0652948,-96.069905,192.0,6656.71
HOUSE,Tamaulipas,22.285725,-97.843597,72.0,1894.13
APARTMENT,Distrito Federal,19.305984,-99.127341,3500.0,5648.55
HOUSE,Distrito Federal,19.361792,-99.190096,197.0,2631.55
APARTMENT,Querétaro,20.726007,-100.442642,105.0,4939.84
APARTMENT,Distrito Federal,19.417636,-99.153292,70.0,2162.92
APARTMENT,San Luis Potosí,22.148722,-101.00119,129.0,4881.59
HOUSE,Puebla,18.985688,-98.230121,73.0,1982.68
APARTMENT,Estado de México,19.427053,-99.256293,100.0,16510.28
APARTMENT,Distrito Federal,19.446256,-99.147767,68.0,2581.64
APARTMENT,Estado de México###,19.379597,-99.293808,155.0,11923.78
HOUSE,San Luis Potosí,22.139618,-101.032422,354.0,10953.24
HOUSE,Estado de México,19.552184,-99.251489,80.0,6730.56
APARTMENT,Querétaro,20.5365909,-100.4411011,80.0,2357.59
APARTMENT,Distrito Federal,19.445032,-99.140207,133.0,3127.69
HOUSE,Estado de México,19.54235,-99.19195,192.0,6627.4
APARTMENT,Distrito Federal,19.377404,-99.193301,80.0,4811.11
HOUSE,Sinaloa,23.231522,-106.382439,211.0,4270.38
HOUSE,Yucatán,21.006756,-89.570984,250.0,5547.26
APARTMENT,Guerrero,16.850374,-99.850166,145.0,4298.11
HOUSE,Veracruz de Ignacio de la Llave,18.141083,-94.458733,180.0,5824.62
HOUSE,Veracruz de Ignacio de la Llave,25.540674,-103.393252,140.0,2495.68
APARTMENT,Distrito Federal,19.336697,-99.152534,102.0,9846.39
HOUSE,Querétaro,20.697427,-100.444385,187.0,7071.08
HOUSE,Estado de México,19.262129,-99.602481,239.0,6987.89
APARTMENT,Distrito Federal,19.2790911,-99.2114234,72.0,2139.25
HOUSE,Jalisco,20.647398,-105.209682,84.0,3466.22
APARTMENT,Puebla,19.028651,-98.258029,116.0,9012.16
APARTMENT,Distrito Federal,19.493713,-99.204941,60.0,2042.76
HOUSE,Veracruz de Ignacio de la Llave,19.11819,-96.107956,181.0,6795.39
HOUSE,Veracruz de Ignacio de la Llave,18.147928788,-94.4772926867,175.0,6101.99
APARTMENT,Nuevo León,25.672309,-100.374119,73.0,5584.77
HOUSE,Estado de México,19.542509,-99.218987,220.0,7902.97
HOUSE,Colima,19.297108,-103.737602,176.0,3272.11
HOUSE,Baja California,32.421957,-117.033513,170.0,5026.29
HOUSE,Morelos,18.939657,-99.20237,185.0,9985.07
HOUSE,Distrito Federal,19.345431,-99.209949,200.0,12023.69
HOUSE,Nuevo León,25.660103,-100.410858,127.0,6934.08
HOUSE,Estado de México,19.564925,-99.218415,110.0,7570.22
HOUSE,Nuevo León,25.652299,-100.266174,281.0,8041.62
APARTMENT,Distrito Federal,19.452665,-99.121497,75.0,1811.67
APARTMENT,Guerrero,16.869995,-99.869568,72.0,2551.13
HOUSE,Chiapas,16.768602,-93.164162,185.0,4353.57
HOUSE,Hidalgo,23.634501,-102.552788,120.0,3327.57
HOUSE,Estado de México###,19.317622,-99.607241,200.0,8318.92
HOUSE,Guerrero,16.850374,-99.850166,168.0,6101.99
APARTMENT,Yucatán###,21.0306572,-89.5945502,144.0,4160.45
APARTMENT,Distrito Federal,19.4503249,-99.1351802,91.0,4159.46
APARTMENT,Distrito Federal,19.307417,-99.125191,75.0,1941.16
HOUSE,Durango,24.0277202,-104.6531759,245.0,4852.7
APARTMENT,San Luis Potosí,22.1352302,-101.0266343,140.0,3854.43
HOUSE,Veracruz de Ignacio de la Llave,25.577366,-103.437088,348.0,8180.27
HOUSE,Veracruz de Ignacio de la Llave,19.517859,-96.891403,300.0,7487.03
HOUSE,San Luis Potosí,22.158050728,-100.9284004569,180.0,2634.95
HOUSE,Veracruz de Ignacio de la Llave,19.119549,-96.107643,190.0,4964.8
HOUSE,Morelos,18.813505,-98.953514,80.0,1802.43
HOUSE,Campeche,19.8301251,-90.5349087,160.0,6101.99
HOUSE,Querétaro,20.592563,-100.371039,271.0,9428.11
APARTMENT,Distrito Federal,19.396893,-99.152302,80.0,4521.02
HOUSE,Jalisco,20.615292,-103.312843,230.0,6932.43
HOUSE,Guanajuato,21.202881,-101.679077,167.0,3604.86
HOUSE,Yucatán,21.0315095,-89.600513,349.0,10539.8
HOUSE,Nuevo León,25.6773984,-100.3940095,347.0,15410.33
HOUSE,Yucatán,21.0344135,-89.5978127,305.0,10262.43
HOUSE,Morelos,18.936026,-99.216217,270.0,13452.11
HOUSE,Estado de México,19.470298,-99.272488,218.0,13448.92
HOUSE,Estado de México,19.522923,-99.241837,340.0,13171.62
HOUSE,Veracruz de Ignacio de la Llave,18.1477847816,-94.4396674633,240.0,6101.99
APARTMENT,Estado de México,19.634604,-99.088905,76.0,1802.37
HOUSE,Morelos###,18.904448,-99.242474,106.0,5545.95
HOUSE,Distrito Federal,19.456544,-99.127136,278.0,9677.67
HOUSE,Querétaro,20.726007,-100.442642,285.0,12203.97
APARTMENT,Distrito Federal,19.396705,-99.181902,85.0,4038.96
HOUSE,Querétaro,20.6543981,-100.3546346,137.0,4382.34
HOUSE,Chiapas,16.766762,-93.148401,160.0,8124.81
HOUSE,Morelos,18.954132,-99.266083,94.0,2912.31
HOUSE,Nuevo León,25.696475,-100.345717,220.0,8734.86
APARTMENT,Distrito Federal,19.270165,-99.152404,80.0,6915.79
HOUSE,Guerrero,23.634501,-102.552788,100.0,2634.32
HOUSE,Yucatán,21.072905,-89.65963,280.0,5807.98
APARTMENT,Estado de México,19.6494549,-99.2023662,69.0,2024.27
APARTMENT,Estado de México,19.60537,-99.233148,60.0,2060.32
HOUSE,Tabasco###,17.999552,-92.950018,151.0,6100.54
HOUSE,Puebla,19.1090862,-98.3289824,160.0,4437.81
HOUSE,Nuevo León,25.7671943,-100.2575589,150.0,1858.33
HOUSE,Baja California Sur,24.168865,-110.306996,16500.0,15286.01
HOUSE,Baja California,32.457415,-116.88252,102.0,3244.38
HOUSE,Querétaro,20.726007,-100.442642,200.0,6405.57
HOUSE,Estado de México,19.550762,-99.242156,160.0,5852.36
HOUSE,Morelos,18.917542,-98.963181,210.0,6240.67
APARTMENT,Nuevo León,25.657194,-100.340521,110.0,13809.4
HOUSE,Morelos,18.94542,-99.223195,380.0,15251.35
HOUSE,Chiapas,16.773806,-93.096295,165.0,3743.51
APARTMENT,Quintana Roo,20.626583,-87.078659,145.0,6075.64
APARTMENT,Nuevo León,25.651072,-100.342773,126.0,9259.21
HOUSE,Distrito Federal,19.362795,-99.218987,80.0,2458.7
HOUSE,Quintana Roo,21.138567,-86.842937,185.0,5130.0
HOUSE,Guerrero,16.874741,-99.889244,300.0,5199.32
APARTMENT,Distrito Federal,19.395097,-99.150424,80.0,2797.8
APARTMENT,Distrito Federal,19.478815,-99.196831,64.0,4020.81
HOUSE,Veracruz de Ignacio de la Llave,19.554081,-96.911522,95.0,2024.27
HOUSE,Tamaulipas,22.276130897,-97.8784418106,232.0,7350.12
HOUSE,Morelos,18.9611008,-99.2684274,192.0,9152.98
APARTMENT,Yucatán,21.03071,-89.618103,131.0,4077.24
HOUSE,Chiapas,19.671921,-101.197362,240.0,5130.0
HOUSE,Estado de México,19.514929,-99.2542064,356.0,15195.89
HOUSE,Estado de México,19.295469,-99.692619,150.0,3050.99
HOUSE,Estado de México###,19.488134,-99.230759,110.0,7312.33
HOUSE,Nuevo León,25.5883667,-100.2430415,300.0,8547.05
HOUSE,Baja California Sur,24.155968,-110.315987,204.0,7155.97
HOUSE,Distrito Federal,19.483263,-99.186297,190.0,5387.89
HOUSE,Chihuahua,28.678531,-106.040439,115.0,2467.95
APARTMENT,Distrito Federal,23.634501,-102.552788,85.0,4991.35
HOUSE,Estado de México,19.580685,-99.047432,70.0,1802.86
HOUSE,Querétaro,20.571299,-100.383032,90.0,1965.97
HOUSE,Nuevo León,25.686357,-100.376106,380.0,10539.8
HOUSE,Baja California,32.494759,-117.016926,92.0,2717.51
HOUSE,Jalisco,20.7540020174,-103.3824715018,290.0,8041.62
HOUSE,Querétaro,20.5285264774,-99.88301754,136.0,4160.45
APARTMENT,Distrito Federal,19.299864,-99.111133,65.0,7117.11
HOUSE,Estado de México,19.493069,-99.060346,343.0,10085.3
APARTMENT,Distrito Federal,19.384724,-99.145619,145.0,6516.49
HOUSE,Morelos###,18.804197,-98.932816,140.0,2717.51
HOUSE,Querétaro###,20.7047931,-100.4462718,250.0,7904.85
HOUSE,Estado de México,19.589786878,-99.0521619915,80.0,1941.54
HOUSE,Puebla,18.972588,-98.282691,202.0,7941.79
HOUSE,Querétaro,20.593385,-100.361619,100.0,6100.54
HOUSE,Puebla,19.017727,-98.316376,182.0,5713.68
APARTMENT,Distrito Federal,19.454332,-99.200287,62.0,2662.68
HOUSE,Sinaloa,23.290356,-106.426237,150.0,4935.89
HOUSE,Colima,19.277207,-103.734973,161.0,2770.2
HOUSE,Nuevo León,25.7393693814,-100.2269947529,266.0,7615.83
HOUSE,Morelos###,18.901708,-99.237779,250.0,12755.67
APARTMENT,Distrito Federal,19.368808,-99.112954,83.0,6100.54
HOUSE,Yucatán,21.0369774162,-89.6034273505,175.0,6642.84
HOUSE,Morelos###,23.634501,-102.552788,270.0,12062.43
HOUSE,Morelos,18.886955,-99.062244,68.0,2273.84
HOUSE,Nuevo León,25.679226,-100.344032,210.0,8180.27
APARTMENT,Distrito Federal,19.413009,-99.17109,127.0,15251.35
APARTMENT,Distrito Federal,19.410215,-99.14595,70.0,2318.36
APARTMENT,Distrito Federal###,19.367424,-99.185753,82.0,8152.54
HOUSE,San Luis Potosí,22.0951835008,-100.87474823,172.0,2639.87
APARTMENT,Distrito Federal,19.298168,-99.113106,83.0,9352.41
APARTMENT,Estado de México,19.5652097,-99.2646998,87.0,4437.81
HOUSE,Tamaulipas,22.285725,-97.843597,218.0,6240.67
HOUSE,Veracruz de Ignacio de la Llave,25.439536,-100.994925,293.0,8318.92
APARTMENT,San Luis Potosí,22.144705,-101.04092,144.0,4769.51
HOUSE,Yucatán,20.9959805028,-89.6128177643,374.0,13022.19
HOUSE,Tamaulipas,22.3286560021,-97.8898514392,140.0,3883.08
HOUSE,Morelos,18.858107,-99.200287,92.0,3397.7
HOUSE,Veracruz de Ignacio de la Llave,19.0530826,-96.0588921,200.0,5684.59
HOUSE,Morelos,18.883513,-99.221881,80.0,2357.03
HOUSE,Morelos,18.933414,-99.194748,250.0,15415.84
HOUSE,Morelos,18.935198,-99.232834,180.0,8873.51
HOUSE,Nuevo León,25.7385463,-100.3184093,254.0,7350.12
APARTMENT,Distrito Federal,19.41275,-99.126007,60.0,1888.96
APARTMENT,Distrito Federal,19.364891,-99.148384,78.0,7938.47
HOUSE,Estado de México,19.272732,-99.453377,126.0,3604.86
HOUSE,Estado de México###,19.490576,-99.254997,350.0,11091.89
HOUSE,Querétaro,20.5535753,-100.4222725,156.0,4576.49
HOUSE,Querétaro,20.572051,-100.406716,227.0,6627.4
HOUSE,Baja California,32.457469,-116.882435,102.0,3244.38
HOUSE,Distrito Federal,19.353373,-99.1138,160.0,5585.63
HOUSE,Jalisco,20.2959587,-103.1944627,204.0,4991.35
HOUSE,Querétaro,20.379178,-99.966431,80.0,1802.43
HOUSE,nan###,18.804409,-98.959038,130.0,2495.68
HOUSE,Tamaulipas,22.272678,-97.883728,350.0,12481.34
HOUSE,Morelos,18.808657,-99.203751,67.0,1802.86
HOUSE,Nuevo León,25.6626225,-100.3688142,311.0,12678.12
HOUSE,Puebla,19.059084,-98.286095,243.0,5339.24
HOUSE,Aguascalientes,21.89658,-102.316322,245.0,4131.73
HOUSE,Distrito Federal,19.508428,-99.125896,150.0,2371.45
APARTMENT,Distrito Federal,19.454332,-99.200287,90.0,2833.28
HOUSE,Puebla,19.077675,-98.225566,175.0,6239.19
HOUSE,Morelos,23.634501,-102.552788,160.0,5240.92
HOUSE,Morelos,18.922282,-99.04435,70.0,2445.76
HOUSE,Veracruz de Ignacio de la Llave,20.945961,-97.389905,200.0,15251.35
HOUSE,San Luis Potosí,22.193162,-101.005431,80.0,2079.73
APARTMENT,Veracruz de Ignacio de la Llave,19.119549,-96.107643,93.0,4021.76
HOUSE,Estado de México,19.4953683665,-99.2584598064,140.0,3605.72
HOUSE,Quintana Roo,21.139641,-86.879738,100.0,1941.08
HOUSE,Querétaro###,20.659601,-100.442467,301.0,14422.88
APARTMENT,Distrito Federal,19.393257,-99.157113,100.0,3771.24
HOUSE,Yucatán,21.072905,-89.65963,190.0,5131.22
HOUSE,Veracruz de Ignacio de la Llave,20.9475017,-97.3631926,110.0,3571.59
HOUSE,Nuevo León,25.721457,-100.228301,190.0,4658.59
HOUSE,Estado de México,19.406092,-99.011968,177.0,4214.92
HOUSE,San Luis Potosí###,22.125832,-101.035118,197.0,7766.16
HOUSE,Yucatán,21.023252,-89.614571,320.0,7904.85
HOUSE,Estado de México,19.31673,-99.581169,80.0,2523.41
HOUSE,Querétaro,20.647322,-100.479441,82.0,1907.81
HOUSE,Estado de México,19.7100885,-98.9659399,99.0,3988.62
APARTMENT,Distrito Federal,19.462951,-99.125888,208.0,6932.43
HOUSE,Tamaulipas,22.3140373,-97.8800254,178.0,2718.16
HOUSE,Jalisco,20.547053,-103.47907,340.0,13812.68
HOUSE,Chiapas,19.704245,-101.165592,150.0,4991.35
HOUSE,Veracruz de Ignacio de la Llave,25.525183,-103.377502,104.0,1746.97
APARTMENT,Yucatán###,21.039522,-89.563911,119.0,6095.48
HOUSE,Querétaro###,20.558271,-100.42942,139.0,5130.0
HOUSE,Guanajuato,21.178095,-101.708252,360.0,9400.38
APARTMENT,Distrito Federal,19.403794,-99.155899,70.0,2854.48
HOUSE,Veracruz de Ignacio de la Llave,19.532236,-96.94104,180.0,4159.46
APARTMENT,Yucatán,21.008295,-89.591019,142.0,4798.38
APARTMENT,Distrito Federal,19.382649,-99.143384,65.0,2325.2
HOUSE,Guerrero,16.856389,-99.913115,131.0,2495.68
APARTMENT,Puebla,19.076612,-98.236336,93.0,3046.55
HOUSE,Querétaro,20.391528,-99.981438,202.0,6379.35
HOUSE,Quintana Roo,21.1661723,-86.8251719,370.0,10539.8
HOUSE,Baja California,32.46906,-116.81963,86.0,2768.7
APARTMENT,Yucatán,21.0634817,-89.6110378,63.0,2357.59
APARTMENT,Baja California,23.634501,-102.552788,95.0,4437.53
HOUSE,Querétaro,20.745667,-100.455109,290.0,12425.86
APARTMENT,Tamaulipas,22.292006,-97.866714,128.0,4519.95
HOUSE,Estado de México,19.300028,-99.566057,198.0,2824.56
HOUSE,Yucatán,20.999418,-89.619278,377.0,11807.34
APARTMENT,Distrito Federal###,19.401507,-99.14682,92.0,3549.4
HOUSE,Estado de México,19.663315,-99.103287,100.0,4214.92
APARTMENT,Yucatán,21.030668,-89.599258,82.0,3299.84
HOUSE,Morelos,18.743973,-99.254183,79.0,2260.08
HOUSE,Yucatán,21.037875,-89.648252,123.0,2162.92
HOUSE,Morelos,18.951663,-99.218298,376.0,13864.86
APARTMENT,Distrito Federal,19.381078,-99.186714,70.0,4508.85
HOUSE,Sinaloa,24.8225157463,-107.4352383614,105.0,2939.35
HOUSE,Estado de México,19.522923,-99.241837,200.0,12065.29
HOUSE,Querétaro,20.693433,-100.446219,160.0,6377.84
HOUSE,Estado de México,19.545727,-99.039146,133.0,3549.4
HOUSE,Chihuahua,28.672886,-106.09304,250.0,3328.36
HOUSE,Puebla,23.634501,-102.552788,113.0,3050.27
HOUSE,Querétaro,20.618279,-100.346985,130.0,5242.16
HOUSE,San Luis Potosí,22.193523,-101.0019,211.0,8708.83
APARTMENT,Chiapas,16.747116,-92.651844,84.0,2772.97
HOUSE,Estado de México,19.276849,-99.546473,179.0,4958.08
HOUSE,Quintana Roo,21.082655,-86.857162,251.0,9844.05
HOUSE,Distrito Federal,19.3845016369,-99.0904824436,115.0,4299.13
APARTMENT,Distrito Federal,19.446829,-99.159454,65.0,8582.35
HOUSE,Yucatán,20.99947,-89.642815,169.0,2912.31
HOUSE,Aguascalientes,21.99782,-102.191307,350.0,10176.81
HOUSE,Nuevo León###,25.714615,-100.230576,309.0,8320.89
HOUSE,Estado de México,19.286575,-99.597733,200.0,3835.02
HOUSE,Durango,24.024288,-104.615791,98.0,1899.49
HOUSE,Estado de México,19.537234,-99.025536,83.0,2391.97
HOUSE,Distrito Federal,19.343042,-99.054777,275.0,8818.05
HOUSE,Jalisco,20.66976,-105.204857,70.0,1857.89
HOUSE,Sinaloa,23.256596,-106.415812,190.0,2911.62
HOUSE,Estado de México,19.524088,-99.096736,75.0,3724.1
HOUSE,Sonora,27.492267,-109.958231,236.0,6100.54
HOUSE,Nuevo León,25.7075214,-100.4578949,150.0,5840.48
HOUSE,Tamaulipas,22.286442,-97.889847,81.0,2329.3
APARTMENT,Distrito Federal,19.287568,-99.145853,100.0,8385.3
HOUSE,Morelos,18.835637,-99.252857,200.0,3327.57
HOUSE,Nuevo León,25.723516,-100.393311,350.0,13310.27
HOUSE,Chiapas,19.750508,-101.181947,90.0,1996.54
APARTMENT,Puebla,19.058884,-98.260885,104.0,4852.7
HOUSE,Distrito Federal,19.477827,-99.216217,229.0,8299.51
HOUSE,Estado de México,19.1617587,-99.6178249,85.0,3050.99
HOUSE,Guerrero,16.7795417527,-99.798010105,275.0,16637.84
HOUSE,Yucatán,21.0411724,-89.5550539,195.0,4822.75
HOUSE,Tabasco,18.00557,-92.959735,205.0,4658.59
APARTMENT,Distrito Federal,19.441809,-99.156423,80.0,3427.39
HOUSE,Hidalgo,20.124367,-98.735725,150.0,4853.85
HOUSE,Veracruz de Ignacio de la Llave,20.9673656268,-97.3916879296,120.0,2357.03
APARTMENT,Distrito Federal,19.375412,-99.144234,60.0,5545.95
HOUSE,Morelos,23.634501,-102.552788,180.0,3327.57
APARTMENT,Distrito Federal,19.496076,-99.204251,60.0,1908.46
HOUSE,Sinaloa###,24.8053549677,-107.4623677164,95.0,2357.59
HOUSE,Morelos,18.842861,-99.225906,120.0,5545.95
HOUSE,Veracruz de Ignacio de la Llave,25.51485,-103.389699,140.0,2717.51
HOUSE,Morelos,18.9289862,-99.1802147,100.0,2495.68
HOUSE,Yucatán,21.0284038368,-89.6530058049,81.0,2080.22
HOUSE,Estado de México,19.233201,-99.558519,115.0,5824.62
APARTMENT,Distrito Federal,19.445032,-99.140207,133.0,3127.69
HOUSE,Morelos,18.858107,-99.200287,78.0,1802.43
HOUSE,Estado de México,19.668947,-99.224525,90.0,2105.26
HOUSE,Veracruz de Ignacio de la Llave,18.1495449,-94.5140773,104.0,3050.27
HOUSE,Veracruz de Ignacio de la Llave,18.141083,-94.458733,180.0,5824.62
HOUSE,Jalisco,20.689157,-103.366728,175.0,5408.58
HOUSE,Chiapas,16.70635,-93.177151,115.0,2825.48
HOUSE,Puebla,19.060701,-98.329774,255.0,7340.72
HOUSE,Chiapas,19.750508,-101.181947,90.0,1996.54
HOUSE,Zacatecas,23.634501,-102.552788,138.0,3327.57
HOUSE,Hidalgo,20.1213329,-98.7818531,66.0,1800.55
HOUSE,San Luis Potosí,22.150696,-101.010025,172.0,4265.93
HOUSE,Sonora,27.492267,-109.958231,236.0,6100.54
HOUSE,Chiapas,16.766455,-93.111488,240.0,3545.71
APARTMENT,Distrito Federal,19.396502,-99.128797,80.0,2102.44
HOUSE,Distrito Federal,19.510133,-99.100025,171.0,7431.57
HOUSE,Puebla,19.09276402,-98.22678055,100.0,2718.16
HOUSE,Querétaro,20.5951924,-100.3479663,180.0,6315.79
HOUSE,Morelos,18.862602,-99.213448,305.0,9985.07
APARTMENT,Veracruz de Ignacio de la Llave,19.119549,-96.107643,93.0,4021.76
HOUSE,San Luis Potosí,22.0951835008,-100.87474823,172.0,2639.87
HOUSE,Estado de México,19.550762,-99.242156,160.0,5852.36
HOUSE,Morelos,18.835054,-98.951226,250.0,3604.86
APARTMENT,Distrito Federal,19.270165,-99.152404,80.0,6915.79
APARTMENT,Distrito Federal,19.45569471,-99.16357613,76.0,6387.12
HOUSE,Durango,25.625198,-103.499954,132.0,2409.97
HOUSE,Baja California###,32.459403,-116.880827,5700.0,3882.16
HOUSE,Yucatán,21.0315095,-89.600513,349.0,10539.8
HOUSE,Distrito Federal,19.367215,-99.222138,180.0,6114.4
APARTMENT,Distrito Federal###,19.309208,-99.171906,70.0,4082.78
HOUSE,Estado de México,19.272027,-99.553293,107.0,3771.24
HOUSE,Jalisco,20.663444,-103.426533,350.0,13795.54
HOUSE,Veracruz de Ignacio de la Llave,25.439677,-100.946717,172.0,4767.87
HOUSE,Guerrero,17.6474239,-101.5455504,119.0,6582.83
HOUSE,Distrito Federal,19.345431,-99.209949,200.0,12023.69
HOUSE,Morelos,18.917542,-98.963181,220.0,5823.24
HOUSE,Estado de México,19.522923,-99.241837,340.0,13171.62
HOUSE,Veracruz de Ignacio de la Llave,23.634501,-102.552788,148.0,4293.63
HOUSE,Estado de México,19.2826098,-99.6556653,90.0,2967.78
HOUSE,Yucatán,21.039522,-89.563911,186.0,5240.92
HOUSE,Estado de México,19.564925,-99.218415,110.0,7570.22
HOUSE,Estado de México,19.542509,-99.218987,220.0,7902.97
HOUSE,Estado de México,19.54235,-99.19195,192.0,6627.4
HOUSE,Nuevo León,25.634661,-100.295769,242.0,4021.76
HOUSE,Puebla,18.97302,-98.206238,210.0,7894.74
HOUSE,Tamaulipas,22.2695545,-97.8750355,140.0,3752.72
HOUSE,Morelos,23.634501,-102.552788,115.0,2991.69
HOUSE,Sinaloa,24.770091,-107.444782,155.0,4016.62
HOUSE,Nuevo León,25.751371,-100.238281,185.0,3826.7
HOUSE,Querétaro,20.631845,-100.390495,315.0,12478.38
HOUSE,Sonora,29.083198,-110.993222,162.0,3050.27
APARTMENT,Estado de México,19.531834,-99.240456,117.0,7627.48
HOUSE,Jalisco,20.66976,-105.204857,70.0,1857.89
HOUSE,Distrito Federal,19.456544,-99.127136,278.0,9677.67
HOUSE,Estado de México,19.2693686,-99.6021262,250.0,15512.47
HOUSE,Nuevo León,23.634501,-102.552788,200.0,5185.46
APARTMENT,Distrito Federal,19.432657,-99.177444,150.0,7109.74
HOUSE,Chiapas,16.740764,-93.089951,148.0,4436.76
APARTMENT,Distrito Federal,19.374421,-99.13907,72.0,6230.87
APARTMENT,Distrito Federal,19.400731,-99.125466,80.0,3582.68
HOUSE,Puebla,19.046724,-98.254127,136.0,6329.09
APARTMENT,Distrito Federal,19.499434,-99.111916,85.0,5915.95
HOUSE,Hidalgo,20.0519991,-98.755252,110.0,2354.57
APARTMENT,Quintana Roo,20.626583,-87.078659,145.0,6075.64
APARTMENT,Guerrero,16.829584,-99.9083,154.0,6025.67
HOUSE,Nuevo León,25.7394971,-100.2754971,164.0,3462.6
HOUSE,Morelos,18.862602,-99.213448,210.0,7473.16
HOUSE,Hidalgo,20.036614,-98.77615,295.0,4986.15
HOUSE,Chiapas,16.769737,-93.088928,140.0,4159.46
HOUSE,Querétaro,20.726007,-100.442642,200.0,6405.57
HOUSE,Querétaro,20.394361,-99.973053,354.0,6100.54
APARTMENT,Durango,24.010702,-104.613602,88.0,2274.38
HOUSE,Jalisco,20.755833,-103.413251,180.0,7625.68
HOUSE,Puebla,19.043223,-98.268716,168.0,4852.7
APARTMENT,Distrito Federal,19.496076,-99.204251,60.0,1908.46
HOUSE,Nayarit,20.70506,-105.269812,101.0,3462.6
HOUSE,Morelos,18.882725,-99.163605,112.0,4576.49
HOUSE,Distrito Federal,19.390301,-99.11161,187.0,6655.13
HOUSE,Guanajuato,21.121012,-101.600136,207.0,6379.35
HOUSE,Veracruz de Ignacio de la Llave,25.558637,-103.449786,250.0,6094.18
APARTMENT,Guerrero,16.801018,-99.824979,98.0,5240.92
HOUSE,Tabasco###,17.97423,-92.923836,110.0,2908.59
APARTMENT,Yucatán,21.06334852,-89.61303592,60.0,2462.6
HOUSE,Estado de México,19.1617587,-99.6178249,85.0,3050.99
HOUSE,Veracruz de Ignacio de la Llave,19.155567,-96.13928,165.0,3188.92
HOUSE,Chiapas,19.710472,-101.222626,190.0,3327.57
HOUSE,Morelos,18.9212022,-99.1739857,125.0,3272.88
APARTMENT,Estado de México,19.508253,-99.254997,113.0,8088.76
APARTMENT,Nuevo León,25.580088,-100.239685,130.0,5484.76
HOUSE,Morelos,18.850763,-98.943855,168.0,3549.4
HOUSE,Yucatán,20.996355,-89.583946,248.0,6648.2
HOUSE,Guerrero,16.860338,-99.870399,168.0,4991.35
HOUSE,Yucatán,21.0399331,-89.5965747,235.0,6748.35
HOUSE,San Luis Potosí,22.186096,-101.005652,240.0,7625.68
APARTMENT,Distrito Federal,19.474285,-99.084981,74.0,1894.74
HOUSE,Estado de México,19.476202,-99.261893,230.0,15251.35
HOUSE,Querétaro,20.723525,-100.45586,248.0,7958.43
APARTMENT,Quintana Roo,21.13593739,-86.76753902,84.0,4437.81
HOUSE,Morelos,18.891621,-99.071698,68.0,2188.37
HOUSE,Morelos,18.9611008,-99.2684274,192.0,9152.98
HOUSE,Estado de México,19.263756,-99.540924,134.0,4847.65
APARTMENT,Nuevo León,25.654263,-100.297874,5700.0,2912.31
HOUSE,Distrito Federal,19.2925929444,-99.1806221008,96.0,7294.65
APARTMENT,Distrito Federal###,19.400249,-99.177444,150.0,14404.43
HOUSE,Tamaulipas,22.2465535,-97.8721436,109.0,4155.12
HOUSE,Veracruz de Ignacio de la Llave,25.572505,-103.425036,330.0,6377.84
HOUSE,Morelos,18.933414,-99.194748,250.0,15415.84
HOUSE,Morelos,23.634501,-102.552788,160.0,5240.92
HOUSE,Guerrero,16.874741,-99.889244,300.0,5199.32
HOUSE,Baja California Sur,24.15963233,-110.3057599,96.0,3462.6
APARTMENT,Morelos,18.963312,-99.214456,76.0,2301.57
HOUSE,Veracruz de Ignacio de la Llave,19.513165,-96.898109,6500.0,6232.69
APARTMENT,Yucatán###,21.03071,-89.618103,131.0,4077.24
HOUSE,Puebla###,18.921051,-98.417053,116.0,4813.88
HOUSE,Sinaloa,23.283125,-106.406723,192.0,2495.68
HOUSE,Estado de México,19.69323,-99.22522,70.0,2794.63
HOUSE,Guanajuato,21.178095,-101.708252,360.0,9400.38
HOUSE,Sinaloa,23.256596,-106.415812,190.0,2911.62
HOUSE,Chiapas,16.769737,-93.088928,106.0,2772.97
HOUSE,Tabasco,18.00557,-92.959735,205.0,4658.59
HOUSE,Querétaro,20.582091,-100.391196,300.0,12478.38
HOUSE,Morelos,18.917542,-98.963181,182.0,5130.0
APARTMENT,Distrito Federal,23.634501,-102.552788,100.0,4155.12
HOUSE,Morelos,18.884224,-98.982506,150.0,2437.67
HOUSE,Morelos,18.883513,-99.221881,80.0,2357.03
APARTMENT,Distrito Federal,19.400249,-99.177444,150.0,14419.46
HOUSE,Estado de México,19.272732,-99.453377,126.0,3604.86
HOUSE,Colima,19.274727,-103.74485,329.0,5491.79
HOUSE,Querétaro,20.6521079,-100.3491545,250.0,7627.48
HOUSE,Jalisco,20.7670434,-103.3941011,195.0,7154.27
HOUSE,San Luis Potosí,22.11830417,-101.0321938992,360.0,12897.38
HOUSE,Quintana Roo,21.101317,-86.862888,182.0,7063.71
HOUSE,Veracruz de Ignacio de la Llave,18.1479784,-94.4626507,157.0,6371.19
house,Estado de México,19.560181,-99.233528,150.0,67965.56
house,Nuevo León,25.6884355,-100.1988071,186.0,63223.78
apartment,Guerrero,16.767704,-99.764383,82.0,84298.37
apartment,Guerrero,16.829782,-99.911012,150.0,94308.8
house,Yucatán,21.05258302,-89.53863859,205.0,105191.37
