property_type,place_with_parent_names,lat-lon,area_m2,price_usd,lat,lon
house,|México|Estado de México|,"19.560181,-99.233528",150.0,67965.56,19.560181,-99.233528
house,|México|Nuevo León|,"25.6884355,-100.1988071",186.0,63223.78,25.6884355,-100.1988071
apartment,|México|Guerrero|,"16.767704,-99.764383",82.0,84298.37,16.767704,-99.764383
apartment,|México|Guerrero|,"16.829782,-99.911012",150.0,94308.8,16.829782,-99.911012
house,|México|Yucatán|,"21.05258302,-89.53863859",205.0,105191.37,21.05258302,-89.53863859
house,|México|Querétaro|,"20.7163149,-100.4525027",,274034.68,20.7163149,-100.4525027
other,|México|Morelos|,,,,,
house,|México|Chiapas|,"16.769737,-93.088928",140.0,79029.72,16.769737,-93.088928
house,|México|Estado de México|,"19.30540733,-99.64694828",235.0,,19.30540733,-99.64694828
other,|México|Morelos|,"18.804197,-98.932816",117.0,63223.78,18.804197,-98.932816
apartment,|México|Guerrero|,"16.775165,-99.789939",117.0,157269.15,16.775165,-99.789939
house,|México|Yucatán|,"21.0483333,-89.6780555",193.0,104607.47,21.0483333,-89.6780555
house,|México|Estado de México|,"19.560181,-99.233528",85.0,63238.77,19.560181,-99.233528
house,|México|,"18.01408208,-92.8963995",135.0,77994.48,18.01408208,-92.8963995
apartment,|México|Distrito Federal|,"19.390748,-99.158695",127.0,131716.2,19.390748,-99.158695
apartment,|México|Yucatán|,"21.33715074,-89.32268858",208.0,203167.1,21.33715074,-89.32268858
house,|México|Distrito Federal|,"19.337652,-99.2233268",297.0,264390.77,19.337652,-99.2233268
house,|México|Nayarit|,"21.518174,-104.9074948",173.0,63238.77,21.518174,-104.9074948
house,|México|Morelos|,"18.855343,-99.241142",73.0,36775.16,18.855343,-99.241142
apartment,|México|Puebla|,"19.0248763,-98.1945109",170.0,173570.3,19.0248763,-98.1945109
apartment,|México|Distrito Federal|,"19.403334,-99.157755",129.0,131716.2,19.403334,-99.157755
apartment,|México|Distrito Federal|,"19.428152,-99.106194",68.0,67175.26,19.428152,-99.106194
house,|México|Puebla|,"18.991881,-98.275275",334.0,262905.55,18.991881,-98.275275
house,|México|Veracruz de Ignacio de la Llave|,"25.624891,-103.397214",106.0,40041.72,25.624891,-103.397214
house,|México|Yucatán|,,132.0,64556.24,,-89.601028
house,|México|Sinaloa|,"23.239141,-106.412613",104.0,44783.51,23.239141,-106.412613
apartment,|México|,"19.430141,-99.172536",97.0,104846.1,19.430141,-99.172536
house,|México|Estado de México|,"19.538595,-99.180214",200.0,158059.45,19.538595,-99.180214
apartment,|México|Yucatán|,"21.030668,-89.599258",80.0,84845.35,21.030668,-89.599258
house,|México|Tabasco|,"17.893124,-92.92127323",70.0,39514.86,17.893124,-92.92127323
house,|México|Chiapas|,"16.717077,-93.162903",240.0,158059.45,16.717077,-93.162903
house,|México|nan###|,"22.3261979,-97.8885244",188.0,,22.3261979,-97.8885244
house,|México|Yucatán|,"21.0231861,-89.5863038",253.0,129639.48,21.0231861,-89.5863038
apartment,|México|Distrito Federal|,"19.39365,-99.14769",128.0,120125.18,19.39365,-99.14769
house,|México|,"25.569582,-103.33239",350.0,158059.45,25.569582,-103.33239
house,|México|,"25.581369,-103.377648",133.0,51632.75,25.581369,-103.377648
house,|México|Puebla|,"19.0412967,-98.2061996",250.0,155461.98,19.0412967,-98.2061996
house,|México|Distrito Federal|,"19.390301,-99.11161",187.0,,19.390301,-99.11161
house,|México|Veracruz de Ignacio de la Llave|,"19.101803,-96.163884",127.0,,19.101803,-96.163884
apartment,|México|Puebla|,"19.026517,-98.214364",102.0,97598.5,19.026517,-98.214364
house,|México|,"23.634501,-102.552788",107.0,57955.13,23.634501,-102.552788
house,|México|Yucatán|,"21.075163,-89.516731",242.0,108534.15,21.075163,-89.516731
house,|México|Distrito Federal|,"19.3605334,-99.2267067",245.0,247626.47,19.3605334,-99.2267067
apartment,|México|Distrito Federal|,"19.351369,-99.248993",90.0,86300.46,19.351369,-99.248993
apartment,|México|,"19.412142,-99.146127",75.0,44794.13,19.412142,-99.146127
apartment,|México|Puebla|,"18.987232,-98.206947",,40841.7,18.987232,-98.206947
house,|México|Estado de México|,"19.715134,-99.214828",126.0,95309.84,19.715134,-99.214828
house,|México|Distrito Federal|,"19.374069,-99.01932",300.0,150719.07,19.374069,-99.01932
house,|México|San Luis Potosí|,,132.0,81683.41,22.133745,
house,|México|Morelos|,"18.804197,-98.932816",130.0,65858.1,18.804197,-98.932816
apartment,|México|Yucatán|,"21.0294432,-89.6322061",237.0,192087.77,21.0294432,-89.6322061
house,|México|Sinaloa|,"24.8093254,-107.4692179",96.0,60603.82,24.8093254,-107.4692179
apartment,|México|Distrito Federal|,"19.33923,-99.218987",,237089.17,19.33923,-99.218987
house,|México|Baja California|,"32.493049,-116.907481",76.0,41095.45,32.493049,-116.907481
house,|México|Hidalgo|,"20.1254846,-98.7362998",229.0,158096.93,20.1254846,-98.7362998
house,|México|Morelos|,"18.960244,-99.212962",305.0,227351.46,18.960244,-99.212962
other,|México|Puebla|,"23.634501,-102.552788",128.0,67438.69,23.634501,-102.552788
house,|México|Estado de México|,"19.53808025,-99.23847934",240.0,,19.53808025,-99.23847934
house,|México|Quintana Roo|,"21.129547,-86.817017",135.0,93781.94,21.129547,-86.817017
house,|México|Nuevo León|,"25.5683841,-100.2439723",320.0,205477.28,25.5683841,-100.2439723
apartment,|México|Tamaulipas|,"22.217112,-97.854477",20241201.0,43887.84,22.217112,-97.854477
house,|México|Guerrero|,"16.860338,-99.870399",168.0,94835.67,16.860338,-99.870399
house,|México|Veracruz de Ignacio de la Llave|,,220.0,105372.96,,-96.111477
house,|México|Guerrero|,"16.771518,-99.772466",180.0,79029.72,16.771518,-99.772466
house,|México|Querétaro|,"23.634501,-102.552788",250.0,176499.72,23.634501,-102.552788
apartment,|México|Yucatán|,"21.0307114,-89.6181018",157.0,81630.71,21.0307114,-89.6181018
house,|México|,"20.6536084,-100.3469826",128.0,105372.96,20.6536084,-100.3469826
house,|México|Estado de México|,"19.650003,-99.220367",135.0,126477.54,19.650003,-99.220367
house,|México|Nuevo León|,"25.708134,-100.145821",60.0,,25.708134,-100.145821
house,|México|,"25.751371,-100.238281",185.0,,25.751371,-100.238281
apartment,|México|Distrito Federal###|,"19.351371,-99.161529",60.0,35563.37,19.351371,-99.161529
house,|México|Distrito Federal|,"19.298899,-99.208048",300.0,207057.88,19.298899,-99.208048
house,|México|Veracruz de Ignacio de la Llave|,"25.581989,-103.378005",220.0,76395.4,25.581989,-103.378005
house,|México|Tamaulipas|,,,126447.56,,
house,|México|Quintana Roo|,"21.15048247,-86.81568548",261.0,216014.58,21.15048247,-86.81568548
house,|México|Jalisco|,"20.785506,-103.442286",98.0,52423.05,20.785506,-103.442286
apartment,|México|Distrito Federal|,"19.374421,-99.13907",72.0,118386.52,19.374421,-99.13907
house,|México|Yucatán|,"20.99947,-89.642815",211.0,63238.77,20.99947,-89.642815
house,|México|Estado de México|,"19.533243,-99.227295",200.0,173865.39,19.533243,-99.227295
house,|México|Querétaro|,"20.705742,-100.444016",300.0,,20.705742,-100.444016
house,|México|Sonora|,"29.058504,-110.978981",185.0,34254.33,29.058504,-110.978981
house,|México|Puebla###|,"18.99466,-98.2761016",178.0,139652.29,18.99466,-98.2761016
house,|México|,"24.754314,-107.402241",280.0,84298.37,24.754314,-107.402241
house,|México|Estado de México###|,"19.544106,-99.112656",131.0,68492.42,19.544106,-99.112656
house,|México|Chihuahua|,"28.6329957,-106.0691004",115.0,63238.77,28.6329957,-106.0691004
house,|México|Yucatán###|,"20.99214914,-89.5655331",121.0,,20.99214914,-89.5655331
house,|México|San Luis Potosí|,"22.141575,-100.900192",108.0,50591.01,22.141575,-100.900192
house,|México|Distrito Federal|,"19.499857,-99.097517",300.0,126447.56,19.499857,-99.097517
apartment,|México|Distrito Federal|,"19.381729,-99.164986",,142253.5,19.381729,-99.164986
house,|México|Morelos|,"18.942068,-99.242531",290.0,242415.29,18.942068,-99.242531
house,|México|Puebla|,"19.087196,-98.288637",148.0,72707.34,19.087196,-98.288637
house,|México|Veracruz de Ignacio de la Llave|,"19.1616453,-96.154687",290.0,147557.13,19.1616453,-96.154687
house,|México|Puebla|,"18.989595,-98.203529",200.0,150192.08,18.989595,-98.203529
other,|México|Morelos|,"18.917542,-98.963181",220.0,110641.61,18.917542,-98.963181
house,|México|Yucatán|,"20.9993534,-89.5910162",192.0,86953.31,20.9993534,-89.5910162
house,|México|Baja California Sur|,"24.14994473,-110.3169306",176.0,131747.44,24.14994473,-110.3169306
apartment,|México|Distrito Federal|,"19.384533,-99.183172",120.0,189716.32,19.384533,-99.183172
house,|México|Distrito Federal|,"19.317922,-99.236124",350.0,176499.72,19.317922,-99.236124
house,|México|Estado de México|,"19.696592,-99.231445",87.0,152000.5,19.696592,-99.231445
apartment,|México|Distrito Federal|,"19.38250406,-99.15803991",78.0,137017.34,19.38250406,-99.15803991
apartment,|México|Distrito Federal|,"19.401819,-99.184615",75.0,78502.86,19.401819,-99.184615
house,|México|Puebla|,"18.998509,-98.179484",200.0,102738.64,18.998509,-98.179484
apartment,|México|San Luis Potosí|,,,88270.78,22.1418,
house,|México|Yucatán###|,"21.072905,-89.65963",266.0,,21.072905,-89.65963
house,|México|Nuevo León|,"25.6318511,-100.170963",204.0,51644.99,25.6318511,-100.170963
house,|México|,"19.283869,-99.588992",70.0,57006.77,19.283869,-99.588992
house,|México|Jalisco|,"20.532827,-103.483829",155.0,110641.61,20.532827,-103.483829
house,|México|Morelos|,"18.918608,-98.941094",247.0,142287.24,18.918608,-98.941094
apartment,|México|Jalisco|,"20.649012,-103.448288",88.0,,20.649012,-103.448288
house,|México|Yucatán|,"21.030668,-89.599258",175.0,120944.15,21.030668,-89.599258
house,|México|Zacatecas|,"23.634501,-102.552788",170.0,89567.02,23.634501,-102.552788
apartment,|México|Distrito Federal|,"19.380937,-99.179545",98.0,197100.13,19.380937,-99.179545
apartment,|México|Estado de México###|,"19.559799,-99.233795",60.0,34599.16,19.559799,-99.233795
house,|México|Yucatán|,"21.072905,-89.65963",127.0,47417.83,21.072905,-89.65963
house,|México|Distrito Federal|,"19.367215,-99.222138",180.0,116173.69,19.367215,-99.222138
house,|México|Puebla|,"19.044477,-98.328011",326.0,,19.044477,-98.328011
house,|México|Veracruz de Ignacio de la Llave|,"18.134026,-94.476112",210.0,247626.47,18.134026,-94.476112
house,|México|Veracruz de Ignacio de la Llave|,"25.572505,-103.425036",330.0,121178.91,25.572505,-103.425036
house,|México|Estado de México|,"19.290517,-99.694921",157.0,105372.96,19.290517,-99.694921
house,|México|Jalisco|,"20.788616,-103.435217",156.0,123813.23,20.788616,-103.435217
apartment,|México|Nuevo León|,"25.6526883,-100.4122654",101.0,160866.42,25.6526883,-100.4122654
house,|México|Nuevo León|,"25.680067,-100.458626",336.0,142253.5,25.680067,-100.458626
house,|México|Estado de México|,"19.305643,-98.901535",120.0,,19.305643,-98.901535
house,|México|Estado de México|,"19.684991,-99.225298",60.0,,19.684991,-99.225298
house,|México|Yucatán|,"21.008295,-89.591019",282.0,123052.11,21.008295,-89.591019
apartment,|México|Guerrero|,,130.0,104870.96,16.8572859,
house,|México|San Luis Potosí|,"22.093321,-100.895958",110.0,,22.093321,-100.895958
house,|México|Puebla|,"23.634501,-102.552788",156.0,94835.67,23.634501,-102.552788
house,|México|San Luis Potosí|,"22.1387477,-101.0181525",200.0,97469.99,22.1387477,-101.0181525
house,|México|Estado de México|,"19.428043,-99.227384",309.0,306529.96,19.428043,-99.227384
house,|México|Hidalgo|,"20.059217,-98.790423",200.0,136984.85,20.059217,-98.790423
house,|México|,"21.292982,-89.603973",100.0,139652.29,21.292982,-89.603973
other,|México|Morelos|,"18.903454,-99.056687",145.0,89567.02,18.903454,-99.056687
house,|México|Distrito Federal|,"19.411699,-99.166247",120.0,230874.8,19.411699,-99.166247
other,|México|Morelos|,"18.89179165,-99.22272205",183.0,147557.13,18.89179165,-99.22272205
house,|México|Yucatán|,"21.0424858,-89.5568382",107.0,50579.02,21.0424858,-89.5568382
apartment,|México|Querétaro|,"20.711874,-100.448934",140.0,102211.77,20.711874,-100.448934
apartment,|México|Distrito Federal|,"19.428152,-99.106194",67.0,79029.72,19.428152,-99.106194
house,|México|Estado de México|,"19.234822,-99.559659",115.0,105372.96,19.234822,-99.559659
house,|México|Estado de México|,"19.558449,-99.22973",180.0,,19.558449,-99.22973
house,|México|Chihuahua###|,"28.652079,-106.109581",227.0,110641.61,28.652079,-106.109581
house,|México|Nuevo León|,"25.707024,-100.21376",250.0,110667.85,25.707024,-100.21376
house,|México|Aguascalientes|,"21.878481,-102.332787",215.0,136490.35,21.878481,-102.332787
house,|México|Veracruz de Ignacio de la Llave|,"19.155567,-96.13928",165.0,60589.45,19.155567,-96.13928
house,|México|Hidalgo|,"20.05687984,-98.76537555",200.0,68508.67,20.05687984,-98.76537555
house,|México|Nuevo León|,"25.634661,-100.295769",242.0,76413.51,25.634661,-100.295769
apartment,|México|Distrito Federal###|,"19.367931,-99.170262",120.0,,19.367931,-99.170262
house,|México|Distrito Federal|,"19.360526,-99.301674",220.0,87703.06,19.360526,-99.301674
house,|México|Distrito Federal|,"19.464398,-99.113317",304.0,259470.39,19.464398,-99.113317
house,|México|Puebla|,"19.01195,-98.219383",385.0,237089.17,19.01195,-98.219383
apartment,|México|Yucatán|,"21.2929822,-89.6039725",255.0,236144.12,21.2929822,-89.6039725
house,|México|,"19.351396,-99.130999",225.0,237089.17,19.351396,-99.130999
house,|México|Morelos|,"18.93409,-99.254997",218.0,143530.93,18.93409,-99.254997
house,|México|Querétaro|,"20.6990975,-100.4705682",276.0,131747.44,20.6990975,-100.4705682
house,|México|Yucatán###|,,100.0,79029.72,,-89.599258
house,|México|Yucatán|,"20.996355,-89.583946",201.0,92223.21,20.996355,-89.583946
house,|México|,"18.983141,-98.265739",135.0,42149.18,18.983141,-98.265739
house,|México|Estado de México|,"19.2826098,-99.6556653",90.0,56387.9,19.2826098,-99.6556653
house,|México|Tamaulipas|,,176.0,60603.82,22.4107891,
house,|México|Tabasco|,"18.263374,-93.179222",104.0,39514.86,18.263374,-93.179222
house,|México|,"19.396669,-99.067626",220.0,110050.31,19.396669,-99.067626
house,|México|Yucatán|,"21.039522,-89.563911",,65858.1,21.039522,-89.563911
other,|México|Estado de México|,"19.545097,-99.21289",11650.0,171306.94,19.545097,-99.21289
apartment,|México|,"19.054064,-98.245911",95.0,84318.36,19.054064,-98.245911
house,|México|Estado de México|,"19.62378,-99.199085",153.0,108007.29,19.62378,-99.199085
house,|México|Sinaloa|,"23.240411,-106.432565",189.0,63118.4,23.240411,-106.432565
apartment,|México|Distrito Federal|,"19.452331,-99.177162",90.0,73234.21,19.452331,-99.177162
house,|México|Quintana Roo|,"21.129547,-86.817017",275.0,173865.39,21.129547,-86.817017
apartment,|México|Distrito Federal###|,"19.342083,-99.0532159",86.0,90115.25,19.342083,-99.0532159
house,|México|Nuevo León|,"25.702822,-100.304192",148.0,,25.702822,-100.304192
house,|México|Veracruz de Ignacio de la Llave###|,,110.0,,,-96.939697
house,|México|Veracruz de Ignacio de la Llave|,"19.205341,-96.197784",130.0,84298.37,19.205341,-96.197784
house,|México|Yucatán|,"21.0424858,-89.5568382",185.0,76677.01,21.0424858,-89.5568382
apartment,|México|Guerrero|,"16.829584,-99.9083",154.0,114487.72,16.829584,-99.9083
house,|México|Querétaro|,"20.726007,-100.442642",273.0,181811.47,20.726007,-100.442642
other,|México|San Luis Potosí|,"23.634501,-102.552788",187.0,94308.8,23.634501,-102.552788
house,|México|Distrito Federal|,"19.395069,-99.204927",110.0,84825.23,19.395069,-99.204927
apartment,|México|Distrito Federal|,"19.400004,-99.16735",94.0,217911.29,19.400004,-99.16735
house,|México|Tabasco|,"17.979631,-92.965249",100.0,65858.1,17.979631,-92.965249
house,|México|Querétaro|,"20.5887932,-100.3898881",84.0,49537.03,20.5887932,-100.3898881
house,|México|Yucatán###|,"21.006756,-89.570984",162.0,,21.006756,-89.570984
house,|México|Yucatán|,"21.013465,-89.591041",239.0,283558.65,21.013465,-89.591041
house,|México|Chiapas|,"19.671066,-101.213341",175.0,92201.34,19.671066,-101.213341
house,|México|Veracruz de Ignacio de la Llave|,"18.1495073,-94.4422",200.0,158096.93,18.1495073,-94.4422
house,|México|Nuevo León|,"25.7418083,-100.4057781",211.0,124501.99,25.7418083,-100.4057781
house,|México|Yucatán|,"20.968147,-89.629875",123.0,41095.45,20.968147,-89.629875
house,|México|Tamaulipas|,"22.2621259,-97.8238578",141.0,78502.86,22.2621259,-97.8238578
house,|México|Jalisco|,"20.767952,-103.40899",148.0,96363.57,20.767952,-103.40899
house,|México|Morelos|,"18.795519,-99.231445",150.0,67438.69,18.795519,-99.231445
apartment,|México|Distrito Federal|,"19.449392,-99.138544",70.0,,19.449392,-99.138544
apartment,|México|Quintana Roo|,"21.15640821,-86.84881411",95.0,68508.67,21.15640821,-86.84881411
house,|México|Tamaulipas|,"22.3160889,-97.8884841",20241201.0,76940.5,22.3160889,-97.8884841
apartment,|México|Distrito Federal|,"19.486255,-99.214043",65.0,46890.97,19.486255,-99.214043
apartment,|México|Distrito Federal|,"19.36594,-99.163153",,106848.18,19.36594,-99.163153
house,|México|Veracruz de Ignacio de la Llave|,"19.146434,-96.161783",,42149.18,19.146434,-96.161783
house,|México|Yucatán|,,204.0,93781.94,21.035221,
house,|México|Guerrero|,"16.86432868,-99.88790821",170.0,115937.75,16.86432868,-99.88790821
house,|México|Querétaro|,"20.726007,-100.442642",180.0,109324.45,20.726007,-100.442642
house,|México|Sinaloa|,"23.261934,-106.408936",124.0,67702.13,23.261934,-106.408936
house,|México|Quintana Roo|,"21.139086,-86.84964",66.0,,21.139086,-86.84964
house,|México|Veracruz de Ignacio de la Llave|,"25.535524,-103.379302",276.0,63223.78,25.535524,-103.379302
house,|México|Yucatán|,,79.0,36889.28,21.0043658,
apartment,|México|Distrito Federal|,"19.364613,-99.161892",70.0,93255.07,19.364613,-99.161892
apartment,|México|Distrito Federal|,"19.366505,-99.222297",72.0,64281.19,19.366505,-99.222297
house,|México|Querétaro###|,"20.6521079,-100.3491545",250.0,144922.18,20.6521079,-100.3491545
house,|México|Yucatán|,"21.03504976,-89.59907413",137.0,78995.76,21.03504976,-89.59907413
apartment,|México|Distrito Federal|,"19.354947,-99.087529",65.0,37386.32,19.354947,-99.087529
house,|México|Yucatán|,"21.008295,-89.591019",142.0,91169.23,21.008295,-89.591019
house,|México|Querétaro|,"20.6476044,-100.35253",150.0,104319.23,20.6476044,-100.35253
house,|México|Yucatán|,"21.030668,-89.599258",305.0,184182.92,21.030668,-89.599258
house,|México|Distrito Federal|,"19.371317,-99.140957",300.0,123981.3,19.371317,-99.140957
apartment,|México|Veracruz de Ignacio de la Llave|,"19.1356101,-96.1142685",105.0,50064.02,19.1356101,-96.1142685
apartment,|México|Distrito Federal|,,90.0,,,-99.187643
apartment,|México|Distrito Federal|,,124.0,270872.74,,-99.165397
house,|México|Yucatán|,"21.039522,-89.563911",230.0,92223.21,21.039522,-89.563911
house,|México|Jalisco|,"20.755833,-103.413251",180.0,144887.83,20.755833,-103.413251
house,|México|Estado de México|,"19.27223,-99.575691",300.0,184446.42,19.27223,-99.575691
apartment,|México|Veracruz de Ignacio de la Llave|,"19.191416,-96.127518",70.0,,19.191416,-96.127518
house,|México|San Luis Potosí|,"22.121187,-100.951736",154.0,57968.87,22.121187,-100.951736
house,|México|Tabasco|,"17.987557,-92.929147",150.0,71126.75,17.987557,-92.929147
house,|México|Estado de México|,"19.4653884,-99.5940417",70.0,39524.23,19.4653884,-99.5940417
house,|México|Morelos###|,"18.8493694,-98.9479805",250.0,84298.37,18.8493694,-98.9479805
house,|México|Yucatán|,"21.05294348,-89.66792107",,62975.27,21.05294348,-89.66792107
house,|México|Morelos|,"18.942068,-99.242531",320.0,289844.37,18.942068,-99.242531
other,|México|Guerrero|,,104.0,102738.64,16.808875,
apartment,|México|Estado de México|,"19.531773,-99.245873",174.0,326656.19,19.531773,-99.245873
house,|México|Tamaulipas|,"25.860595,-97.504808",212.0,71126.75,25.860595,-97.504808
house,|México|Guanajuato|,"21.1666103,-101.6315416",210.0,131716.2,21.1666103,-101.6315416
house,|México|Morelos|,"18.882006,-99.148384",240.0,100104.31,18.882006,-99.148384
apartment,|México|Puebla###|,"19.002178,-98.271063",87.0,,19.002178,-98.271063
house,|México|Estado de México|,"19.425918,-99.230123",300.0,215222.62,19.425918,-99.230123
house,|México|Morelos|,"18.8736789,-99.1922665",257.0,188398.84,18.8736789,-99.1922665
house,|México|San Luis Potosí|,"22.186096,-101.005652",240.0,144887.83,22.186096,-101.005652
house,|México|Yucatán|,"21.075163,-89.516731",189.0,86932.69,21.075163,-89.516731
house,|México|,"18.984862,-98.222234",289.0,226551.88,18.984862,-98.222234
apartment,|México|Distrito Federal|,"19.3650311,-99.1477363",83.0,139652.29,19.3650311,-99.1477363
apartment,|México|Morelos|,"18.917393,-99.221062",6350.0,57955.13,18.917393,-99.221062
house,|México|Distrito Federal|,"19.399375,-99.149986",95.0,246994.23,19.399375,-99.149986
house,|México|Baja California|,"32.5622552,-115.3169575",75.0,42149.18,32.5622552,-115.3169575
apartment,|México|Distrito Federal|,"19.452689,-99.117987",60.0,36269.27,19.452689,-99.117987
other,|México|Distrito Federal|,"19.336104,-99.101761",70.0,50087.3,19.336104,-99.101761
house,|México|Zacatecas|,"23.634501,-102.552788",138.0,63223.78,23.634501,-102.552788
house,|México|Jalisco|,"20.567506,-103.48332",149.0,110588.92,20.567506,-103.48332
house,|México|Nayarit|,"20.722561,-105.270132",84.0,39514.86,20.722561,-105.270132
apartment,|México|Distrito Federal|,,110.0,274034.68,,-99.1594498
house,|México|San Luis Potosí|,"22.1176283,-101.0151243",380.0,266066.74,22.1176283,-101.0151243
house,|México|Yucatán|,"21.006756,-89.570984",90.0,39462.17,21.006756,-89.570984
house,|México|Veracruz de Ignacio de la Llave|,,140.0,39514.86,25.510739,
house,|México|Tamaulipas|,"22.2695545,-97.8750355",140.0,71301.71,22.2695545,-97.8750355
house,|México|Estado de México|,"19.3308425,-99.5817205",140.0,121207.64,19.3308425,-99.5817205
house,|México|Estado de México|,"19.2398293,-99.617673",332.0,242415.29,19.2398293,-99.617673
house,|México|Estado de México|,"19.4689569,-99.2727792",372.0,144887.83,19.4689569,-99.2727792
house,|México|Morelos|,"18.917542,-98.963181",200.0,131747.44,18.917542,-98.963181
house,|México|Tabasco|,"17.97280546,-92.95154875",134.0,,17.97280546,-92.95154875
house,|México|Nuevo León|,"25.79255,-100.274638",159.0,74972.86,25.79255,-100.274638
apartment,|México|,"19.3928136,-99.1738213",112.0,312957.71,19.3928136,-99.1738213
house,|México|Sinaloa|,"24.804811,-107.46476",95.0,47417.83,24.804811,-107.46476
house,|México|Aguascalientes|,,157.0,41622.32,,-102.286817
house,|México|Morelos|,"18.900945,-99.232574",279.0,142253.5,18.900945,-99.232574
house,|México|Tamaulipas|,,75.0,34254.33,22.2900902,
apartment,|México|Distrito Federal|,"19.375374,-99.137657",,34077.61,19.375374,-99.137657
house,|México|Nuevo León|,"25.660711,-100.289459",222.0,118544.58,25.660711,-100.289459
apartment,|México|Puebla|,"19.02065826,-98.22384596",100.0,103606.19,19.02065826,-98.22384596
house,|México|Yucatán|,"20.96083848,-89.62156874",160.0,52159.61,20.96083848,-89.62156874
apartment,|México|Distrito Federal|,"19.409369,-99.171906",,263494.89,19.409369,-99.171906
other,|México|Nuevo León|,"25.7584835,-100.4052434",131.0,92023.21,25.7584835,-100.4052434
house,|México|Nuevo León|,"25.712547,-100.249496",210.0,,25.712547,-100.249496
house,|México|Yucatán|,"21.05119626,-89.53858227",168.0,80112.98,21.05119626,-89.53858227
house,|México|Puebla|,,100.0,51644.99,,-98.22678055
house,|México|Jalisco###|,"20.792152,-103.475021",104.0,39514.86,20.792152,-103.475021
house,|México|Guanajuato|,,207.0,121207.64,,-101.600136
house,|México|San Luis Potosí|,"22.18307725,-101.0302325",92.0,34781.32,22.18307725,-101.0302325
apartment,|México|Distrito Federal|,"19.404032,-99.179694",103.0,209902.95,19.404032,-99.179694
other,|México|Morelos|,"18.814863,-99.211439",97.0,68492.42,18.814863,-99.211439
apartment,|México|Distrito Federal|,"19.368544,-99.163605",105.0,284507.01,19.368544,-99.163605
house,|México|Puebla|,"19.0550344,-98.2731403",330.0,189716.32,19.0550344,-98.2731403
house,|México|Yucatán|,"21.04307817,-89.55160305",,89061.27,21.04307817,-89.55160305
house,|México|Estado de México|,"19.699144,-98.978363",180.0,68492.42,19.699144,-98.978363
other,|México|Distrito Federal|,"19.341894,-99.224525",96.0,156958.3,19.341894,-99.224525
house,|México|Querétaro|,"20.596285,-100.357695",300.0,144887.83,20.596285,-100.357695
apartment,|México|Puebla|,"19.035632,-98.223132",92.0,109587.88,19.035632,-98.223132
house,|México|Puebla|,"19.0217424,-98.2604216",215.0,155461.98,19.0217424,-98.2604216
house,|México|Chiapas|,,330.0,210745.93,19.987465,
other,|México|Morelos|,,76.0,52698.97,18.957352,
house,|México|Morelos|,"18.845494,-99.20547",136.0,71765.83,18.845494,-99.20547
apartment,|México|Distrito Federal|,"19.366901,-99.297272",,109387.67,19.366901,-99.297272
house,|México|San Luis Potosí|,"22.18408015,-101.0286072",110.0,39830.98,22.18408015,-101.0286072
house,|México|Estado de México###|,"19.615452,-99.206348",,47681.26,19.615452,-99.206348
house,|México|Estado de México###|,"19.590134,-99.280419",100.0,,19.590134,-99.280419
house,|México|Distrito Federal|,"19.473907,-99.177444",320.0,91042.24,19.473907,-99.177444
house,|México|San Luis Potosí|,"22.149093,-100.889863",180.0,45321.12,22.149093,-100.889863
other,|México|Estado de México|,"19.641889,-99.1774462",250.0,79048.46,19.641889,-99.1774462
house,|México|Veracruz de Ignacio de la Llave|,"19.089373,-96.130805",168.0,,19.089373,-96.130805
house,|México|Querétaro|,"20.606224,-100.329168",165.0,97469.99,20.606224,-100.329168
house,|México|Yucatán|,"21.001256,-89.600723",325.0,,21.001256,-89.600723
apartment,|México|Nuevo León|,"25.7302897,-100.3965403",160.0,104497.22,25.7302897,-100.3965403
other,|México|Puebla|,"19.004742,-98.235992",180.0,63223.78,19.004742,-98.235992
house,|México|Morelos|,"18.920158,-99.180214",85.0,48734.99,18.920158,-99.180214
house,|México|Morelos|,"18.916586,-99.214371",272.0,262967.9,18.916586,-99.214371
house,|México|Puebla|,"19.063091,-98.296013",252.0,130873.22,19.063091,-98.296013
apartment,|México|Distrito Federal|,"19.371321,-99.140985",84.0,93465.82,19.371321,-99.140985
apartment,|México|Puebla|,"19.0378006,-98.3007086",120.0,166001.78,19.0378006,-98.3007086
apartment,|México|Distrito Federal|,"19.362824,-99.266178",162.0,210745.93,19.362824,-99.266178
house,|México|Chiapas|,"16.780325,-93.119637",180.0,105372.96,16.780325,-93.119637
house,|México|Yucatán|,"21.039522,-89.563911",178.0,,21.039522,-89.563911
other,|México|Distrito Federal|,"19.465454,-99.162665",69.0,75375.18,19.465454,-99.162665
other,|México|Jalisco|,,300.0,94308.8,20.700756,
house,|México|Baja California Sur|,"22.886851,-109.946872",94.0,50485.62,22.886851,-109.946872
house,|México|Querétaro|,"20.549404,-100.378563",110.0,,20.549404,-100.378563
house,|México|Distrito Federal|,,150.0,136405.3,19.353288,
house,|México|Estado de México|,"19.278994,-99.559006",136.0,89567.02,19.278994,-99.559006
other,|México|Puebla|,"18.985191,-98.186447",148.0,105372.96,18.985191,-98.186447
apartment,|México|,"20.67603,-103.425418",125.0,157479.9,20.67603,-103.425418
apartment,|México|Guerrero|,"16.87630091,-99.88293272",88.0,39260.73,16.87630091,-99.88293272
house,|México|Nayarit|,"21.525436,-104.923553",115.0,47429.08,21.525436,-104.923553
apartment,|México|Chiapas|,"16.748743,-93.066491",73.0,43202.91,16.748743,-93.066491
apartment,|México|Distrito Federal|,"19.432657,-99.177444",150.0,135085.08,19.432657,-99.177444
house,|México|Querétaro|,"20.618279,-100.346985",160.0,99601.06,20.618279,-100.346985
house,|México|Estado de México|,"19.72876,-99.461708",236.0,237145.4,19.72876,-99.461708
house,|México|Veracruz de Ignacio de la Llave|,"25.51506,-103.413092",230.0,44783.51,25.51506,-103.413092
house,|México|Querétaro|,"20.419854,-99.998039",89.0,40568.59,20.419854,-99.998039
house,|México|Morelos|,"18.804197,-98.932816",117.0,65858.1,18.804197,-98.932816
apartment,|México|San Luis Potosí|,"22.133104,-100.982117",100.0,53740.21,22.133104,-100.982117
apartment,|México|Distrito Federal|,"19.400249,-99.177444",150.0,273969.71,19.400249,-99.177444
house,|México|Yucatán|,"21.03071,-89.618103",382.0,223970.65,21.03071,-89.618103
house,|México|Jalisco|,"20.649154,-105.202538",90.0,33719.34,20.649154,-105.202538
house,|México|Baja California|,"32.426032,-117.033916",140.0,62570.46,32.426032,-117.033916
other,|México|,,252.0,66933.76,26.058614,
house,|México|Veracruz de Ignacio de la Llave|,"25.599048,-103.412397",189.0,64277.51,25.599048,-103.412397
house,|México|Baja California Sur|,"24.129181,-110.31971",110.0,68492.42,24.129181,-110.31971
house,|México|Tamaulipas|,"22.238298,-97.841892",200.0,110641.61,22.238298,-97.841892
house,|México|Puebla|,,110.0,100735.92,,
other,|México|Distrito Federal|,"19.451872,-99.173522",70.0,66911.83,19.451872,-99.173522
house,|México|Estado de México|,"19.253367,-99.606303",260.0,,19.253367,-99.606303
house,|México|Sonora|,"29.0287123,-110.97103",200.0,47417.83,29.0287123,-110.97103
apartment,|México|Distrito Federal|,"19.45569471,-99.16357613",76.0,121355.2,19.45569471,-99.16357613
other,|México|Jalisco|,"20.7670434,-103.3941011",195.0,135931.12,20.7670434,-103.3941011
apartment,|México|Distrito Federal|,"19.336195,-99.23692",100.0,74920.17,19.336195,-99.23692
house,|México|San Luis Potosí|,"22.1564699,-100.9855409",110.0,39524.23,22.1564699,-100.9855409
house,|México|Yucatán|,"21.0634817,-89.6110378",296.0,137017.34,21.0634817,-89.6110378
house,|México|Yucatán|,"21.135925,-89.6446768",200.0,79029.72,21.135925,-89.6446768
house,|México|Querétaro|,,80.0,51632.75,,-100.407691
other,|México|Morelos|,"18.954132,-99.266083",210.0,86932.69,18.954132,-99.266083
house,|México|Quintana Roo|,"21.152508,-86.850891",180.0,,21.152508,-86.850891
house,|México|Morelos|,,112.0,86953.31,18.882725,
house,|México|Tabasco|,,60.0,34246.21,,-92.923836
house,|México|Chiapas|,,148.0,84298.37,,-93.089951
house,|México|Nuevo León|,"25.764894,-100.264221",160.0,65858.1,25.764894,-100.264221
apartment,|México|Querétaro|,"20.60782,-100.366721",110.0,131716.2,20.60782,-100.366721
house,|México|Distrito Federal|,"19.469688,-99.085456",248.0,176541.57,19.469688,-99.085456
apartment,|México|Distrito Federal|,"19.27112369,-99.20883894",72.0,40645.77,19.27112369,-99.20883894
apartment,|México|Jalisco|,"20.723133,-103.418115",84.0,178080.31,20.723133,-103.418115
house,|México|Chiapas|,,250.0,,16.76764,
house,|México|Yucatán|,"20.9673702,-89.5925857",290.0,123315.6,20.9673702,-89.5925857
other,|México|Yucatán|,"21.017197,-89.574516",158.0,102763.0,21.017197,-89.574516
house,|México|Morelos|,,320.0,173906.62,18.862602,
house,|México|Veracruz de Ignacio de la Llave|,"19.123617,-96.113161",220.0,99577.45,19.123617,-96.113161
house,|México|Distrito Federal|,"19.355938,-99.129918",200.0,315618.38,19.355938,-99.129918
house,|México|Baja California Sur|,"19.35913,-98.983431",9450.0,62696.91,19.35913,-98.983431
house,|México|Yucatán|,"20.989016,-89.632225",,131747.44,20.989016,-89.632225
house,|México|Veracruz de Ignacio de la Llave|,"25.453195,-100.935486",203.0,94818.28,25.453195,-100.935486
house,|México|Yucatán|,"20.938659,-89.615316",173.0,50052.15,20.938659,-89.615316
other,|México|Tamaulipas|,,263.0,176541.57,,-97.849037
house,|México|Chiapas|,"16.78141,-93.096451",87.0,51381.5,16.78141,-93.096451
house,|México|Chiapas|,"19.691938,-101.176615",220.0,155425.12,19.691938,-101.176615
house,|México|Estado de México|,"19.64079,-99.098691",105.0,68492.42,19.64079,-99.098691
apartment,|México|Puebla|,"19.011347,-98.246264",139.0,179134.04,19.011347,-98.246264
house,|México|Jalisco|,"20.647029,-103.454953",122.0,77975.99,20.647029,-103.454953
house,|México|Morelos|,"18.905066,-99.224869",120.0,121178.91,18.905066,-99.224869
other,|México|Veracruz de Ignacio de la Llave|,"19.06681288,-96.07347608",271.0,173865.39,19.06681288,-96.07347608
house,|México|Querétaro|,"20.705742,-100.444016",350.0,,20.705742,-100.444016
house,|México|Estado de México|,"19.54323,-99.222374",181.0,154950.94,19.54323,-99.222374
house,|México|Sinaloa|,"24.8090649,-107.3940117",212.0,112222.21,24.8090649,-107.3940117
house,|México|Tamaulipas###|,"25.872879,-97.509221",287.0,,25.872879,-97.509221
house,|México|Distrito Federal|,"19.373264,-99.104161",20241201.0,135430.6,19.373264,-99.104161
apartment,|México|Distrito Federal|,"19.383952,-99.160229",100.0,174140.42,19.383952,-99.160229
house,|México|Chiapas|,"16.757278,-93.134056",298.0,181084.17,16.757278,-93.134056
house,|México|,"22.320061,-97.86808",67.0,35835.3,22.320061,-97.86808
house,|México|Guanajuato###|,"20.58343642,-101.1981905",180.0,,20.58343642,-101.1981905
apartment,|México|Distrito Federal|,"19.396018,-99.147827",80.0,183989.52,19.396018,-99.147827
house,|México|Chiapas|,"19.646418,-101.238213",153.0,97469.99,19.646418,-101.238213
house,|México|Estado de México|,,60.0,34254.33,,-99.2907617
house,|México|Querétaro|,"20.631845,-100.390495",315.0,237089.17,20.631845,-100.390495
house,|México|Baja California Sur|,"24.083153,-110.303329",65.0,33358.45,24.083153,-110.303329
house,|México|Veracruz de Ignacio de la Llave|,"19.144342,-96.139002",140.0,68492.42,19.144342,-96.139002
house,|México|Estado de México|,"19.272027,-99.553293",107.0,,19.272027,-99.553293
house,|México|Hidalgo|,"20.1010608,-98.7591311",320.0,192305.66,20.1010608,-98.7591311
house,|México|Veracruz de Ignacio de la Llave|,"18.1495449,-94.5140773",104.0,57955.13,18.1495449,-94.5140773
other,|México|Distrito Federal|,"19.333901,-99.240356",85.0,179134.04,19.333901,-99.240356
apartment,|México|Distrito Federal|,"19.390031,-99.174182",108.0,209692.2,19.390031,-99.174182
house,|México|Nuevo León|,"25.781807,-100.187794",155.0,65858.1,25.781807,-100.187794
house,|México|Querétaro|,"20.7012562,-100.4654217",295.0,187081.37,20.7012562,-100.4654217
apartment,|México|Distrito Federal|,"19.365834,-99.263505",126.0,180187.77,19.365834,-99.263505
house,|México|Yucatán|,"20.9637793,-89.6612548",249.0,44783.51,20.9637793,-89.6612548
apartment,|México|Estado de México|,"19.404701,-99.292419",300.0,284047.49,19.404701,-99.292419
other,|México|Veracruz de Ignacio de la Llave|,"18.879525,-96.921847",123.0,55320.8,18.879525,-96.921847
house,|México|Puebla|,"18.978682,-98.250015",162.0,88513.29,18.978682,-98.250015
house,|México|Querétaro|,"20.6205869,-100.388042",322.0,209955.63,20.6205869,-100.388042
apartment,|México|Nuevo León|,"25.654263,-100.297874",114.0,55333.92,25.654263,-100.297874
house,|México|Estado de México|,"19.180459,-99.590174",175.0,134382.39,19.180459,-99.590174
apartment,|México|,,88.0,43213.16,,-104.613602
apartment,|México|Distrito Federal|,"19.474655,-99.189277",60.0,40041.72,19.474655,-99.189277
apartment,|México|Querétaro|,"20.65449,-100.384446",160.0,,20.65449,-100.384446
house,|México|Veracruz de Ignacio de la Llave|,"25.569556,-103.383702",244.0,101158.04,25.569556,-103.383702
house,|México|Morelos|,"18.813505,-98.953514",66.0,34246.21,18.813505,-98.953514
house,|México|Quintana Roo|,"21.118165,-86.880921",189.0,118544.58,21.118165,-86.880921
apartment,|México|Tabasco|,"17.972448,-92.960579",104.0,,17.972448,-92.960579
house,|México|Veracruz de Ignacio de la Llave|,"19.165146,-96.160652",220.0,139619.18,19.165146,-96.160652
apartment,|México|Distrito Federal|,"19.3499358,-99.2906864",78.0,147557.13,19.3499358,-99.2906864
apartment,|México|Estado de México###|,"19.402713,-99.27547",130.0,,19.402713,-99.27547
house,|México|Morelos|,"18.948109,-99.26886",200.0,155461.98,18.948109,-99.26886
house,|México|Querétaro|,,334.0,279238.36,,-100.3898881
apartment,|México|Distrito Federal|,"19.406592,-99.155442",90.0,224660.17,19.406592,-99.155442
house,|México|Nuevo León|,"25.677525,-100.258614",257.0,115937.75,25.677525,-100.258614
house,|México|Distrito Federal|,"19.318989,-99.094437",100.0,98523.72,19.318989,-99.094437
house,|México|,"20.712143,-100.454275",230.0,152790.8,20.712143,-100.454275
house,|México|Yucatán|,"21.01429,-89.605148",280.0,144922.18,21.01429,-89.605148
house,|México|Veracruz de Ignacio de la Llave|,"19.532306,-96.897717",100.0,,19.532306,-96.897717
house,|México|Veracruz de Ignacio de la Llave|,"19.173773,-96.1342241",160.0,52686.48,19.173773,-96.1342241
house,|México|Veracruz de Ignacio de la Llave|,"19.139896,-96.109911",163.0,68492.42,19.139896,-96.109911
house,|México|Baja California###|,"32.665619,-115.433372",134.0,133442.74,32.665619,-115.433372
house,|México|Tamaulipas|,"22.270658,-97.849037",93.0,65873.72,22.270658,-97.849037
house,|México|Yucatán###|,"21.021821,-89.634346",235.0,,21.021821,-89.634346
apartment,|México|Querétaro|,"20.5887932,-100.3898881",178.0,316118.9,20.5887932,-100.3898881
house,|México|Veracruz de Ignacio de la Llave|,"19.142568,-96.125389",214.0,,19.142568,-96.125389
house,|México|Morelos|,,333.0,156742.28,,-99.288261
house,|México|Morelos|,"18.813505,-98.953514",90.0,52686.48,18.813505,-98.953514
house,|México|Sonora|,"27.492618,-109.960496",270.0,,27.492618,-109.960496
house,|México|Quintana Roo|,"20.65593,-87.05368",210.0,225024.63,20.65593,-87.05368
house,|México|Baja California Sur|,"24.143626,-110.336274",,226551.88,24.143626,-110.336274
other,|México|Guerrero|,"16.841759,-99.847374",97.0,67981.68,16.841759,-99.847374
apartment,|México|Veracruz de Ignacio de la Llave|,"19.125867,-96.106026",189.0,279238.36,19.125867,-96.106026
house,|México|Chihuahua|,"23.634501,-102.552788",200.0,42149.18,23.634501,-102.552788
house,|México|Jalisco|,"20.6081525,-103.3946675",20241201.0,43993.21,20.6081525,-103.3946675
apartment,|México|Yucatán|,,200.0,139619.18,,-89.607506
house,|México|Morelos|,"18.927336,-99.213448",145.0,121178.91,18.927336,-99.213448
house,|México|Veracruz de Ignacio de la Llave|,,172.0,90589.54,25.439677,
apartment,|México|Distrito Federal|,"19.472481,-99.182374",75.0,80635.87,19.472481,-99.182374
house,|México|Estado de México|,"19.514382,-99.258682",150.0,77325.47,19.514382,-99.258682
house,|México|Distrito Federal|,"19.325355,-99.232561",136.0,,19.325355,-99.232561
house,|México|,"21.072905,-89.65963",250.0,110641.61,21.072905,-89.65963
house,|México|San Luis Potosí|,"22.14691,-101.038651",245.0,144922.18,22.14691,-101.038651
house,|México|Morelos|,"18.879347,-99.179871",184.0,136984.85,18.879347,-99.179871
house,|México|Tabasco|,"18.03410232,-92.98419938",161.0,125950.55,18.03410232,-92.98419938
house,|México|,"23.634501,-102.552788",338.0,147522.15,23.634501,-102.552788
house,|México|Puebla|,"18.921051,-98.417053",116.0,91463.73,18.921051,-98.417053
house,|México|Puebla|,"19.014643,-98.170731",140.0,89588.26,19.014643,-98.170731
house,|México|Morelos|,"18.858107,-99.200287",78.0,34246.21,18.858107,-99.200287
house,|México|Morelos|,"18.945309,-99.22372",380.0,263432.41,18.945309,-99.22372
house,|México|Yucatán|,"21.0381057,-89.5933722",213.0,118572.7,21.0381057,-89.5933722
apartment,|México|Distrito Federal|,,70.0,50064.02,,-99.189277
house,|México|Yucatán|,,200.0,,,-89.65963
house,|México|Veracruz de Ignacio de la Llave|,"25.531834,-103.315276",150.0,41105.2,25.531834,-103.315276
apartment,|México|Nuevo León|,"25.651072,-100.342773",92.0,208160.96,25.651072,-100.342773
house,|México|Estado de México|,"19.499864,-99.050138",,100104.31,19.499864,-99.050138
house,|México|Estado de México|,"19.555771,-99.248612",200.0,94256.11,19.555771,-99.248612
house,|México|San Luis Potosí|,"22.157743,-100.94397",225.0,75078.23,22.157743,-100.94397
house,|México|Nuevo León|,"25.6769684,-100.4508956",107.0,50052.15,25.6769684,-100.4508956
house,|México|San Luis Potosí|,,160.0,109587.88,22.14700093,
house,|México|Guerrero|,"16.85678,-99.853204",280.0,200208.63,16.85678,-99.853204
apartment,|México|Estado de México|,"19.424913,-99.271629",69.0,57422.47,19.424913,-99.271629
house,|México|Estado de México|,"19.54966748,-99.01653931",90.0,50052.15,19.54966748,-99.01653931
house,|México|Guerrero|,"16.867283,-99.867119",150.0,139619.18,16.867283,-99.867119
house,|México|Morelos|,"18.811808,-98.94649",5000.0,47417.83,18.811808,-98.94649
apartment,|México|Distrito Federal|,,80.0,39946.36,,-99.128797
apartment,|México|Yucatán|,"21.017197,-89.574516",66.0,,21.017197,-89.574516
house,|México|Hidalgo|,"20.06499132,-98.76800179",100.0,57955.13,20.06499132,-98.76800179
house,|México|Tamaulipas|,"22.266645,-97.870796",296.0,210745.93,22.266645,-97.870796
house,|México|,,170.0,131716.2,,-99.482277
apartment,|México|Yucatán|,"21.3421022,-89.2624626",202.0,210743.21,21.3421022,-89.2624626
house,|México|Puebla|,"19.044477,-98.328011",235.0,168636.73,19.044477,-98.328011
house,|México|Chihuahua###|,"28.6556674,-106.0711926",,68205.43,28.6556674,-106.0711926
house,|México|Distrito Federal|,"19.2826778,-99.2090757",161.0,,19.2826778,-99.2090757
apartment,|México|,,70.0,51393.55,19.48888,
house,|México|Chiapas|,"16.732222,-93.135307",240.0,,16.732222,-93.135307
house,|México|Veracruz de Ignacio de la Llave|,"23.634501,-102.552788",205.0,78766.29,23.634501,-102.552788
house,|México|Yucatán|,"21.0381057,-89.5933722",165.0,100075.35,21.0381057,-89.5933722
apartment,|México|Guerrero|,"16.801018,-99.824979",98.0,99577.45,16.801018,-99.824979
house,|México|Estado de México|,"19.6850991,-99.2113669",62.0,37943.26,19.6850991,-99.2113669
house,|México|Morelos|,"18.9212022,-99.1739857",125.0,62184.79,18.9212022,-99.1739857
house,|México|Yucatán|,"21.030668,-89.599258",320.0,189663.62,21.030668,-89.599258
apartment,|México|Puebla|,"18.96785528,-98.28487086",127.0,176979.24,18.96785528,-98.28487086
house,|México|Nuevo León|,"25.723516,-100.393311",365.0,242415.29,25.723516,-100.393311
house,|México|Yucatán|,"21.0151423,-89.6551671",180.0,68245.17,21.0151423,-89.6551671
apartment,|México|Quintana Roo|,"21.13593739,-86.76753902",84.0,84318.36,21.13593739,-86.76753902
house,|México|Morelos|,"18.891859,-99.187134",320.0,210795.91,18.891859,-99.187134
apartment,|México|Sinaloa|,,20241201.0,40568.59,23.261248,
apartment,|México|Distrito Federal###|,,62.0,84318.36,,-99.148384
other,|México|Distrito Federal|,"19.426528,-99.196279",60.0,218648.9,19.426528,-99.196279
apartment,|México|Estado de México|,"19.369319,-99.293444",150.0,128098.38,19.369319,-99.293444
apartment,|México|,,73.0,43202.91,,-93.152699
apartment,|México|Distrito Federal|,"19.434723,-99.175887",80.0,131768.89,19.434723,-99.175887
apartment,|México|Distrito Federal###|,"19.449392,-99.138544",65.0,,19.449392,-99.138544
house,|México|Estado de México|,"19.55134,-99.233528",260.0,316118.9,19.55134,-99.233528
house,|México|Querétaro|,"20.607178,-100.335754",104.0,77975.99,20.607178,-100.335754
house,|México|San Luis Potosí|,"22.16483221,-100.976522",125.0,51644.99,22.16483221,-100.976522
house,|México|San Luis Potosí|,"22.16644588,-100.9547921",140.0,51644.99,22.16644588,-100.9547921
house,|México|Chiapas|,"16.771928,-93.105578",200.0,110667.85,16.771928,-93.105578
house,|México|Tamaulipas|,"22.246319,-97.86264",163.0,113302.8,22.246319,-97.86264
other,|México|Distrito Federal|,"19.365175,-99.230064",270.0,150683.34,19.365175,-99.230064
apartment,|México|Estado de México|,"19.379597,-99.293808",155.0,236091.42,19.379597,-99.293808
house,|México|Tlaxcala|,"19.312792,-98.216515",159.0,79029.72,19.312792,-98.216515
house,|México|Querétaro|,"23.634501,-102.552788",145.0,72707.34,23.634501,-102.552788
house,|México|Yucatán|,"21.039522,-89.563911",186.0,99577.45,21.039522,-89.563911
house,|México|San Luis Potosí|,"22.175159,-100.979996",188.0,72197.6,22.175159,-100.979996
house,|México|Puebla|,"19.11055714,-98.28005165",120.0,65858.1,19.11055714,-98.28005165
house,|México|Estado de México|,"19.64443,-99.098587",75.0,37943.26,19.64443,-99.098587
other,|México|Veracruz de Ignacio de la Llave|,"25.502705,-103.408554",190.0,42969.88,25.502705,-103.408554
house,|México|,"25.461545,-100.883958",,124340.1,25.461545,-100.883958
apartment,|México|Distrito Federal|,"19.478815,-99.196831",64.0,76395.4,19.478815,-99.196831
house,|México|Querétaro|,"20.611304,-100.386343",360.0,268701.06,20.611304,-100.386343
other,|México|Veracruz de Ignacio de la Llave|,"19.178049,-96.128845",160.0,84298.37,19.178049,-96.128845
house,|México|Veracruz de Ignacio de la Llave|,"20.955351,-97.404341",150.0,,20.955351,-97.404341
house,|México|Sonora|,"29.07683,-110.9871743",309.0,189716.32,29.07683,-110.9871743
apartment,|México|Guerrero|,,178.0,237145.4,23.634501,
house,|México|Yucatán|,"21.039522,-89.563911",215.0,98656.43,21.039522,-89.563911
house,|México|Nuevo León|,"25.74317303,-100.3723396",138.0,53225.96,25.74317303,-100.3723396
apartment,|México|Morelos|,"18.97019398,-99.24238533",117.0,123813.23,18.97019398,-99.24238533
house,|México|Aguascalientes|,"21.88930425,-102.2563045",198.0,41105.2,21.88930425,-102.2563045
apartment,|México|Distrito Federal|,"19.298168,-99.113106",83.0,177695.7,19.298168,-99.113106
house,|México|Chiapas|,"16.734992,-93.102641",121.0,83771.5,16.734992,-93.102641
house,|México|Nuevo León|,"25.701321,-100.457924",164.0,47417.83,25.701321,-100.457924
house,|México|Aguascalientes|,"21.88585,-102.294085",185.0,,21.88585,-102.294085
other,|México|,"20.618633,-103.387465",150.0,73761.07,20.618633,-103.387465
house,|México|Nuevo León|,"25.67382016,-100.3135947",120.0,79048.46,25.67382016,-100.3135947
house,|México|Morelos|,"18.942068,-99.242531",200.0,184446.42,18.942068,-99.242531
house,|México|Querétaro|,"20.700323,-100.472563",269.0,147522.15,20.700323,-100.472563
other,|México|Veracruz de Ignacio de la Llave|,"25.558393,-103.385429",113.0,44941.57,25.558393,-103.385429
house,|México|,"25.580088,-100.239685",,201310.09,25.580088,-100.239685
house,|México|,"23.283125,-106.406723",192.0,47417.83,23.283125,-106.406723
house,|México|Chiapas|,"16.752182,-93.088427",184.0,79029.72,16.752182,-93.088427
apartment,|México|Distrito Federal|,"19.3880398,-99.1695793",100.0,113302.8,19.3880398,-99.1695793
house,|México|San Luis Potosí|,"22.14691,-101.038651",,81664.04,22.14691,-101.038651
other,|México|Morelos|,"18.936026,-99.216217",286.0,209692.2,18.936026,-99.216217
other,|México|Distrito Federal|,"19.328833,-99.133163",140.0,,19.328833,-99.133163
house,|México|Distrito Federal|,"19.455385,-99.209835",216.0,84318.36,19.455385,-99.209835
house,|México|Puebla|,"19.071239,-98.273949",240.0,126447.56,19.071239,-98.273949
house,|México|Estado de México|,"19.501955,-99.226952",196.0,226551.88,19.501955,-99.226952
house,|México|Morelos|,"18.866121,-99.231445",180.0,147522.15,18.866121,-99.231445
house,|México|Querétaro|,"20.726007,-100.442642",330.0,194986.21,20.726007,-100.442642
house,|México|Yucatán|,"21.075163,-89.516731",192.0,92542.77,21.075163,-89.516731
house,|México|Tlaxcala|,"19.435802,-98.10286",135.0,41095.45,19.435802,-98.10286
house,|México|Yucatán|,"20.9731555,-89.6229189",250.0,84318.36,20.9731555,-89.6229189
house,|México|Estado de México|,"19.159458,-99.565956",79.0,37943.26,19.159458,-99.565956
other,|México|Puebla|,,109.0,36889.28,,-98.2061996
house,|México|Sinaloa|,,146.0,64804.37,24.817956,
apartment,|México|Sinaloa|,"23.299184,-106.481557",230.0,269754.79,23.299184,-106.481557
apartment,|México|Distrito Federal|,"19.36243,-99.176957",70.0,40568.59,19.36243,-99.176957
apartment,|México|Distrito Federal|,"19.390062,-99.192293",64.0,94858.16,19.390062,-99.192293
house,|México|Nuevo León|,"25.7581963,-100.2665026",135.0,79029.72,25.7581963,-100.2665026
house,|México|Querétaro|,,112.0,90620.75,20.556261,
house,|México|Chiapas|,"16.744808,-93.179222",350.0,147557.13,16.744808,-93.179222
house,|México|Yucatán|,"21.02594686,-89.58423615",264.0,149928.59,21.02594686,-89.58423615
apartment,|México|Quintana Roo|,"21.15007472,-86.83164597",165.0,121178.91,21.15007472,-86.83164597
house,|México|Chiapas|,"16.734121,-92.626991",100.0,84298.37,16.734121,-92.626991
house,|México|Querétaro|,"20.705742,-100.444016",223.0,137017.34,20.705742,-100.444016
apartment,|México|Distrito Federal|,"19.400731,-99.125466",80.0,68070.93,19.400731,-99.125466
apartment,|México|Distrito Federal|,"19.33923,-99.218987",83.0,,19.33923,-99.218987
apartment,|México|Distrito Federal|,"19.365383,-99.16507",81.0,161826.53,19.365383,-99.16507
house,|México|Yucatán|,"21.030668,-89.599258",350.0,221283.23,21.030668,-89.599258
house,|México|Morelos|,"18.864874,-98.925911",60.0,34246.21,18.864874,-98.925911
apartment,|México|Distrito Federal|,"19.463009,-99.131106",81.0,102738.64,19.463009,-99.131106
house,|México|Yucatán|,"21.30856674,-89.53033447",380.0,210795.91,21.30856674,-89.53033447
other,|México|Distrito Federal|,"19.33427,-99.083374",100.0,68492.42,19.33427,-99.083374
apartment,|México|Distrito Federal|,"19.499434,-99.111916",85.0,112402.96,19.499434,-99.111916
apartment,|México|Distrito Federal|,"19.380937,-99.179545",98.0,,19.380937,-99.179545
house,|México|Yucatán|,"21.006866,-89.618103",305.0,168596.74,21.006866,-89.618103
house,|México|,"19.109777,-96.106922",240.0,168596.74,19.109777,-96.106922
house,|México|Baja California|,"32.459403,-116.880827",114.0,73761.07,32.459403,-116.880827
house,|México|Puebla|,"19.101185,-98.357062",90.0,,19.101185,-98.357062
house,|México|Querétaro|,"20.394361,-99.973053",354.0,115910.26,20.394361,-99.973053
house,|México|Yucatán|,"21.065001,-89.6239875",155.0,71143.62,21.065001,-89.6239875
house,|México|Querétaro|,"20.646841,-100.376117",86.0,45310.37,20.646841,-100.376117
house,|México|Morelos|,"18.897581,-99.07093",306.0,208160.96,18.897581,-99.07093
house,|México|Yucatán|,"21.072905,-89.65963",171.0,94278.47,21.072905,-89.65963
house,|México|Morelos|,"18.917542,-98.963181",182.0,97469.99,18.917542,-98.963181
house,|México|Veracruz de Ignacio de la Llave|,"20.948336,-97.362764",5000.0,54267.07,20.948336,-97.362764
apartment,|México|Distrito Federal###|,"19.396018,-99.147827",70.0,183989.47,19.396018,-99.147827
house,|México|Puebla|,"19.051815,-98.277669",198.0,115910.26,19.051815,-98.277669
apartment,|México|Distrito Federal|,"19.309208,-99.171906",70.0,77572.89,19.309208,-99.171906
house,|México|Yucatán|,"21.0506531,-89.5588406",334.0,137017.34,21.0506531,-89.5588406
house,|México|Yucatán|,"21.34379622,-89.26205993",130.0,110404.35,21.34379622,-89.26205993
house,|México|Querétaro|,,106.0,56637.97,20.587378,
apartment,|México|Nuevo León|,"25.721081,-100.345581",72.0,68421.05,25.721081,-100.345581
house,|México|Morelos|,"23.634501,-102.552788",360.0,278947.37,23.634501,-102.552788
apartment,|México|Estado de México|,"19.2720402,-99.572013",85.0,65789.47,19.2720402,-99.572013
house,|México|San Luis Potosí###|,"22.13888212,-100.9965101",158.0,111578.95,22.13888212,-100.9965101
apartment,|México|Distrito Federal|,"19.394558,-99.129707",65.0,39904.74,19.394558,-99.129707
house,|México|Veracruz de Ignacio de la Llave|,"19.1680666,-96.160663",100.0,35263.16,19.1680666,-96.160663
apartment,|México|Distrito Federal|,"19.3261963,-99.14058611",74.0,157368.42,19.3261963,-99.14058611
house,|México|Yucatán|,"21.0552216,-89.6583682",220.0,112473.68,21.0552216,-89.6583682
house,|México|Chihuahua|,"28.691416,-106.13604",236.0,110526.32,28.691416,-106.13604
apartment,|México|Jalisco|,"20.641428,-103.417295",85.0,88947.37,20.641428,-103.417295
house,|México|San Luis Potosí|,"22.126078,-100.944672",131.0,55000.0,22.126078,-100.944672
house,|México|Puebla|,"19.03642362,-98.19941841",337.0,163157.89,19.03642362,-98.19941841
apartment,|México|Distrito Federal|,"19.367239,-99.186126",92.0,,19.367239,-99.186126
apartment,|México|Guerrero|,"16.851935,-99.844955",195.0,105263.16,16.851935,-99.844955
house,|México|Veracruz de Ignacio de la Llave|,"19.153019,-96.12487",207.0,144736.84,19.153019,-96.12487
house,|México|Nuevo León|,"25.75013289,-100.2701137",280.0,104736.84,25.75013289,-100.2701137
apartment,|México|Estado de México|,"19.536253,-99.240456",99.0,65789.47,19.536253,-99.240456
house,|México|Chiapas|,"19.673779,-101.187927",210.0,136842.11,19.673779,-101.187927
house,|México|Baja California|,"32.4690603,-116.8196303",111.0,71911.21,32.4690603,-116.8196303
house,|México|Yucatán###|,"21.030771,-89.646347",150.0,63157.89,21.030771,-89.646347
house,|México|Chiapas|,"16.717077,-93.162903",170.0,94736.84,16.717077,-93.162903
house,|México|Morelos|,"18.813908,-99.201675",86.0,52631.58,18.813908,-99.201675
apartment,|México|Distrito Federal|,"19.473001,-99.087491",79.0,35841.58,19.473001,-99.087491
house,|México|Yucatán|,,,97368.42,21.072905,
house,|México|Querétaro|,"20.618279,-100.346985",237.0,157894.74,20.618279,-100.346985
house,|México|Yucatán|,,300.0,115263.16,21.075163,
house,|México|Guerrero|,"16.86597275,-99.87171739",300.0,131578.95,16.86597275,-99.87171739
house,|México|Veracruz de Ignacio de la Llave###|,"25.582705,-103.376805",232.0,81578.95,25.582705,-103.376805
house,|México|Yucatán|,"21.017197,-89.574516",220.0,92105.26,21.017197,-89.574516
house,|México|Hidalgo|,"20.036614,-98.77615",295.0,94736.84,20.036614,-98.77615
house,|México|,,240.0,99473.68,21.0399331,
house,|México|Morelos###|,"18.893921,-99.221429",160.0,150000.0,18.893921,-99.221429
house,|México|Veracruz de Ignacio de la Llave|,"25.545829,-103.38708",115.0,57894.74,25.545829,-103.38708
house,|México|Quintana Roo|,"21.139086,-86.84964",,118421.05,21.139086,-86.84964
house,|México|Chiapas###|,"19.681248,-101.209167",,,19.681248,-101.209167
apartment,|México|Distrito Federal|,"19.271467,-99.146309",,130842.11,19.271467,-99.146309
house,|México|Chiapas|,"19.724886,-101.118018",120.0,73684.21,19.724886,-101.118018
house,|México|Estado de México|,"19.420156,-99.249458",378.0,321052.63,19.420156,-99.249458
house,|México|Guanajuato|,"20.684505,-101.406695",280.0,189473.68,20.684505,-101.406695
house,|México|Puebla|,"18.984862,-98.222234",299.0,231578.95,18.984862,-98.222234
other,|México|Distrito Federal|,"19.289286,-99.158066",,124210.53,19.289286,-99.158066
other,|México|San Luis Potosí|,"22.150696,-101.010025",172.0,81052.63,22.150696,-101.010025
apartment,|México|Distrito Federal|,"19.444924,-99.139843",60.0,46280.68,19.444924,-99.139843
house,|México|Tabasco|,"18.017324,-92.899362",98.0,36842.11,18.017324,-92.899362
house,|México|Puebla|,"19.014643,-98.170731",286.0,260526.32,19.014643,-98.170731
house,|México|,"22.258686,-97.851753",163.0,105263.16,22.258686,-97.851753
house,|México|Distrito Federal|,"19.378482,-99.220795",100.0,201061.21,19.378482,-99.220795
house,|México|Morelos|,"18.93409,-99.254997",240.0,178947.37,18.93409,-99.254997
house,|México|Yucatán|,"21.0315095,-89.600513",325.0,186842.11,21.0315095,-89.600513
apartment,|México|Yucatán|,"21.072905,-89.65963",190.0,184210.53,21.072905,-89.65963
other,|México|Morelos|,,110.0,57894.74,,-99.241848
house,|México|Querétaro|,"20.681293,-100.329622",155.0,97368.42,20.681293,-100.329622
house,|México|Morelos|,"18.821062,-98.949371",120.0,69473.68,18.821062,-98.949371
apartment,|México|Guerrero|,"16.8531086,-99.8236533",141.0,121052.63,16.8531086,-99.8236533
apartment,|México|Puebla|,"19.049024,-98.281669",127.0,88947.37,19.049024,-98.281669
house,|México|Tamaulipas|,"22.34005336,-97.88609952",165.0,89473.68,22.34005336,-97.88609952
house,|México|Morelos|,"18.862602,-99.213448",145.0,97368.42,18.862602,-99.213448
apartment,|México|Yucatán|,"21.018724,-89.589836",,47105.26,21.018724,-89.589836
house,|México|Jalisco|,"20.569456,-103.50165",176.0,123684.21,20.569456,-103.50165
apartment,|México|Distrito Federal###|,"19.3934457,-99.1796926",100.0,,19.3934457,-99.1796926
other,|México|Distrito Federal|,"19.436024,-99.15461",64.0,,19.436024,-99.15461
apartment,|México|Distrito Federal|,"19.378009,-99.193543",,78189.47,19.378009,-99.193543
apartment,|México|Distrito Federal|,"19.416294,-99.16748",117.0,289421.05,19.416294,-99.16748
house,|México|Morelos|,,82.0,40000.0,,-99.176287
house,|México|Querétaro|,"20.692161,-100.465025",258.0,147368.42,20.692161,-100.465025
house,|México|Querétaro|,"20.394361,-99.973053",120.0,73684.21,20.394361,-99.973053
house,|México|Baja California###|,"32.453504,-117.038495",111.0,,32.453504,-117.038495
house,|México|Tabasco|,"23.634501,-102.552788",82.0,44736.84,23.634501,-102.552788
house,|México|Estado de México|,"19.619862,-99.146996",,37037.11,19.619862,-99.146996
house,|México|Hidalgo|,"20.059035,-98.790359",240.0,142105.26,20.059035,-98.790359
house,|México|Estado de México|,,86.0,42807.63,19.468129,
other,|México|Yucatán|,"21.0424858,-89.5568382",200.0,91315.79,21.0424858,-89.5568382
house,|México|Guerrero|,"16.758369,-99.768737",136.0,134715.79,16.758369,-99.768737
house,|México|Nuevo León|,"25.6315927,-100.1953926",90.0,43157.89,25.6315927,-100.1953926
other,|México|Quintana Roo|,"21.15958774,-86.82220861",145.0,166315.79,21.15958774,-86.82220861
apartment,|México|Guerrero|,"16.860338,-99.870399",250.0,100000.0,16.860338,-99.870399
apartment,|México|Guerrero|,"16.86656582,-99.88082886",108.0,51578.95,16.86656582,-99.88082886
apartment,|México|Jalisco|,"20.685983,-103.447155",64.0,77368.42,20.685983,-103.447155
house,|México|Yucatán|,"21.0751632,-89.5167298",252.0,103945.63,21.0751632,-89.5167298
apartment,|México|Distrito Federal|,"19.376822,-99.174675",114.0,233473.68,19.376822,-99.174675
apartment,|México|Puebla|,"19.0303511,-98.3143192",102.0,97368.42,19.0303511,-98.3143192
house,|México|Distrito Federal|,"19.433274,-99.210758",304.0,231478.95,19.433274,-99.210758
apartment,|México|Distrito Federal|,"19.394358,-99.177444",100.0,229400.0,19.394358,-99.177444
house,|México|Yucatán|,"21.039522,-89.563911",146.0,76315.79,21.039522,-89.563911
house,|México|Morelos|,"18.8954874,-99.1732936",154.0,93684.21,18.8954874,-99.1732936
house,|México|Puebla|,"18.984862,-98.222234",289.0,226315.79,18.984862,-98.222234
house,|México|Yucatán|,"21.072905,-89.65963",90.0,63157.89,21.072905,-89.65963
house,|México|Morelos|,"18.813908,-99.201675",67.0,34210.53,18.813908,-99.201675
house,|México|Jalisco|,"20.424117,-103.29756",299.0,163157.89,20.424117,-103.29756
house,|México|Yucatán|,"21.0381057,-89.5933722",182.0,105000.0,21.0381057,-89.5933722
house,|México|Estado de México|,"19.28283025,-99.56667352",267.0,157894.74,19.28283025,-99.56667352
house,|México|Chihuahua|,"28.6464221,-106.0860628",233.0,155263.16,28.6464221,-106.0860628
apartment,|México|Estado de México|,"19.5652097,-99.2646998",87.0,97368.42,19.5652097,-99.2646998
house,|México|Estado de México|,"19.284855,-98.950752",80.0,69473.68,19.284855,-98.950752
house,|México|Nayarit|,"20.70506,-105.269812",101.0,65789.47,20.70506,-105.269812
house,|México|Distrito Federal|,"19.2753576,-99.1675547",370.0,263157.89,19.2753576,-99.1675547
apartment,|México|Veracruz de Ignacio de la Llave|,"19.137135,-96.112946",110.0,57894.74,19.137135,-96.112946
house,|México|Jalisco|,"20.675995,-103.420837",220.0,213157.89,20.675995,-103.420837
house,|México|Tamaulipas|,"22.3151894,-97.8573594",318.0,47368.42,22.3151894,-97.8573594
apartment,|México|Distrito Federal|,"19.436404,-99.173617",70.0,90014.95,19.436404,-99.173617
house,|México|Quintana Roo|,"21.095711,-86.869343",147.0,98368.42,21.095711,-86.869343
house,|México|Baja California|,"32.509445,-116.985857",104.0,78947.37,32.509445,-116.985857
house,|México|Jalisco|,"20.616705,-103.413612",105.0,65789.47,20.616705,-103.413612
house,|México|Sinaloa|,"23.215713,-106.418182",315.0,252631.58,23.215713,-106.418182
house,|México|Yucatán|,"21.039522,-89.563911",277.0,147368.42,21.039522,-89.563911
house,|México|Yucatán|,"21.072905,-89.65963",240.0,122894.74,21.072905,-89.65963
house,|México|Yucatán|,"21.072905,-89.65963",201.0,75210.53,21.072905,-89.65963
apartment,|México|Yucatán|,"21.015982,-89.705116",172.0,176315.79,21.015982,-89.705116
apartment,|México|San Luis Potosí|,"22.12590752,-100.9865534",103.0,,22.12590752,-100.9865534
house,|México|Querétaro|,"20.547674,-100.394761",110.0,51578.95,20.547674,-100.394761
apartment,|México|Jalisco###|,,135.0,236842.11,20.677448,
house,|México|Veracruz de Ignacio de la Llave|,"20.9638852,-97.4124504",88.0,44736.84,20.9638852,-97.4124504
other,|México|Distrito Federal|,"19.4034054,-99.1825418",120.0,209311.05,19.4034054,-99.1825418
house,|México|Querétaro|,"20.3951106,-99.9856344",180.0,73684.21,20.3951106,-99.9856344
house,|México|Estado de México|,"19.536936,-99.22732",,184210.53,19.536936,-99.22732
apartment,|México|Distrito Federal|,"19.453142,-99.180214",68.0,52631.58,19.453142,-99.180214
house,|México|Veracruz de Ignacio de la Llave|,"19.14966827,-96.12028599",150.0,71052.63,19.14966827,-96.12028599
house,|México|Distrito Federal|,"19.3434214,-99.1294848",280.0,,19.3434214,-99.1294848
house,|México|Hidalgo|,"20.099826,-98.772656",140.0,51842.11,20.099826,-98.772656
house,|México|Distrito Federal|,,147.0,122419.26,,-99.124863
apartment,|México|Querétaro###|,"20.5835963,-100.3729496",144.0,160263.16,20.5835963,-100.3729496
house,|México|Puebla|,"23.634501,-102.552788",173.0,139473.68,23.634501,-102.552788
house,|México|Querétaro|,"20.58787576,-100.446496",111.0,69684.21,20.58787576,-100.446496
house,|México|Colima|,"19.232695,-103.696887",189.0,63157.89,19.232695,-103.696887
apartment,|México|Baja California|,"32.440475,-116.983772",70.0,36263.16,32.440475,-116.983772
house,|México|Veracruz de Ignacio de la Llave|,"19.513165,-96.898109",130.0,118421.05,19.513165,-96.898109
house,|México|Hidalgo|,"23.634501,-102.552784",140.0,78947.37,23.634501,-102.552784
house,|México|Chihuahua|,"28.6983446,-106.0940375",350.0,231578.95,28.6983446,-106.0940375
house,|México|Sinaloa|,"24.770091,-107.444782",,76315.79,24.770091,-107.444782
house,|México|Tamaulipas|,"26.078394,-98.325452",80.0,,26.078394,-98.325452
house,|México|Sonora|,"28.95479589,-111.0455946",,86842.11,28.95479589,-111.0455946
house,|México|Nuevo León|,"25.626854,-100.188538",170.0,78947.37,25.626854,-100.188538
house,|México|Querétaro###|,"20.662301,-100.441093",235.0,,20.662301,-100.441093
apartment,|México|Quintana Roo|,"21.04980598,-86.85358784",178.0,205578.95,21.04980598,-86.85358784
house,|México|Chiapas|,"16.740425,-93.12841",170.0,94736.84,16.740425,-93.12841
apartment,|México|Distrito Federal|,"19.395097,-99.150424",65.0,53102.79,19.395097,-99.150424
apartment,|México|Morelos###|,"18.960824,-99.268107",92.0,,18.960824,-99.268107
house,|México|Querétaro|,"20.7037,-100.462857",220.0,168421.05,20.7037,-100.462857
house,|México|Chihuahua|,"28.64073,-106.109581",300.0,197368.42,28.64073,-106.109581
apartment,|México|Distrito Federal|,"19.305233,-99.12269",75.0,47631.58,19.305233,-99.12269
apartment,|México|Estado de México|,"19.379597,-99.293808",80.0,166863.16,19.379597,-99.293808
house,|México|Estado de México|,"19.26183971,-99.58393506",195.0,136842.11,19.26183971,-99.58393506
apartment,|México|Distrito Federal|,"19.2753576,-99.1675547",101.0,173421.05,19.2753576,-99.1675547
house,|México|Durango|,"25.553129,-103.510059",187.0,42105.26,25.553129,-103.510059
apartment,|México|Morelos|,,130.0,94736.84,,
house,|México|Distrito Federal|,"19.346687,-99.011513",115.0,,19.346687,-99.011513
house,|México|,"16.838398,-99.897744",113.0,97368.42,16.838398,-99.897744
house,|México|Estado de México|,"19.482168,-99.264038",140.0,34021.74,19.482168,-99.264038
house,|México|Sinaloa|,"24.8427771,-107.3931108",117.0,47368.42,24.8427771,-107.3931108
house,|México|Quintana Roo|,"21.101317,-86.862888",182.0,134210.53,21.101317,-86.862888
house,|México|Quintana Roo|,"21.164147,-86.868479",330.0,197982.11,21.164147,-86.868479
apartment,|México|Nuevo León|,"25.647146,-100.356804",100.0,200000.0,25.647146,-100.356804
house,|México|Nuevo León|,"25.64423457,-100.2966356",228.0,,25.64423457,-100.2966356
house,|México|Sonora|,"29.0904798,-110.9747137",298.0,184210.53,29.0904798,-110.9747137
house,|México|Baja California Sur|,"24.15963233,-110.3057599",96.0,65789.47,24.15963233,-110.3057599
house,|México|Jalisco|,,79.0,41052.63,,-103.471496
house,|México|Tamaulipas|,"22.2465535,-97.8721436",109.0,78947.37,22.2465535,-97.8721436
house,|México|Estado de México|,"19.569101,-99.303513",180.0,251578.95,19.569101,-99.303513
house,|México|Yucatán|,,20241201.0,117894.74,,-89.563911
house,|México|,,325.0,206315.79,20.555649,
apartment,|México|Distrito Federal|,"19.405298,-99.164986",74.0,225263.16,19.405298,-99.164986
apartment,|México|Distrito Federal|,,160.0,147368.42,19.258038,
house,|México|Morelos|,"18.823669,-99.227295",165.0,86842.11,18.823669,-99.227295
apartment,|México|Distrito Federal|,"19.377171,-99.188503",,106736.84,19.377171,-99.188503
house,|México|Yucatán|,"21.017197,-89.574516",206.0,113710.53,21.017197,-89.574516
house,|México|Morelos|,"18.892714,-99.1996",90.0,57894.74,18.892714,-99.1996
house,|México|Estado de México|,"19.636706,-99.101569",250.0,131578.95,19.636706,-99.101569
house,|México|Yucatán|,"21.039522,-89.563911",274.0,152368.42,21.039522,-89.563911
house,|México|Veracruz de Ignacio de la Llave|,"18.134026,-94.476112",235.0,165789.47,18.134026,-94.476112
house,|México|Yucatán|,"21.07671918,-89.62775633",155.0,67894.74,21.07671918,-89.62775633
apartment,|México|,"19.401509,-99.154034",90.0,116403.58,19.401509,-99.154034
house,|México|Tabasco|,,350.0,66315.79,,-93.165413
house,|México|Yucatán|,"21.072905,-89.65963",190.0,97368.42,21.072905,-89.65963
house,|México|Tamaulipas|,"22.247913,-97.875565",,127368.42,22.247913,-97.875565
house,|México|San Luis Potosí|,"22.148722,-101.00119",190.0,115789.47,22.148722,-101.00119
house,|México|Baja California|,"32.494743,-117.016784",92.0,51578.95,32.494743,-117.016784
house,|México|San Luis Potosí|,"22.18978923,-100.9525537",138.0,50000.0,22.18978923,-100.9525537
house,|México|,"18.96295456,-98.27967882",222.0,151578.95,18.96295456,-98.27967882
house,|México|Morelos|,"18.8859084,-99.19064",110.0,86842.11,18.8859084,-99.19064
house,|México|,"28.643902,-106.130157",355.0,260526.32,28.643902,-106.130157
apartment,|México|Distrito Federal|,"19.347683,-99.165877",135.0,236842.11,19.347683,-99.165877
other,|México|Distrito Federal|,"19.375374,-99.137657",110.0,77894.74,19.375374,-99.137657
house,|México|Distrito Federal|,"19.52395,-99.152881",95.0,147631.58,19.52395,-99.152881
house,|México|Guerrero|,"16.757619,-99.767532",140.0,144736.84,16.757619,-99.767532
house,|México|Yucatán|,"21.075163,-89.516731",197.0,,21.075163,-89.516731
house,|México|Puebla|,"19.02038,-98.207626",380.0,205263.16,19.02038,-98.207626
house,|México|Aguascalientes|,"21.9243493,-102.2833909",140.0,35789.47,21.9243493,-102.2833909
house,|México|Quintana Roo|,"21.1351429,-86.837489",80.0,44736.84,21.1351429,-86.837489
apartment,|México|Distrito Federal|,"19.39365,-99.14769",75.0,157489.47,19.39365,-99.14769
house,|México|Nuevo León|,"25.733049,-100.22847",200.0,69473.68,25.733049,-100.22847
house,|México|Baja California Sur|,,275.0,,24.141701,
house,|México|Jalisco|,"20.579091,-103.430379",,86842.11,20.579091,-103.430379
house,|México|,"25.731798,-100.349091",180.0,74234.37,25.731798,-100.349091
house,|México|Estado de México|,"19.672207,-99.015656",122.0,139473.68,19.672207,-99.015656
apartment,|México|Estado de México|,"19.401066,-99.277168",190.0,305263.16,19.401066,-99.277168
house,|México|Yucatán|,"21.00227,-89.5650908",131.0,69578.95,21.00227,-89.5650908
house,|México|,,208.0,,20.680066,
apartment,|México|Guerrero|,"16.86483064,-99.87526059",61.0,44736.84,16.86483064,-99.87526059
house,|México|Jalisco|,"20.760167,-103.379168",83.0,44736.84,20.760167,-103.379168
house,|México|Yucatán|,"21.02838037,-89.56463993",174.0,35526.32,21.02838037,-89.56463993
house,|México|Tlaxcala|,,180.0,168421.05,19.341597,
house,|México|Veracruz de Ignacio de la Llave|,,118.0,44736.84,,-103.4203
house,|México|Chiapas|,"19.665554,-101.235738",115.0,77631.58,19.665554,-101.235738
house,|México|Estado de México|,,245.0,100000.0,19.650003,
house,|México|Nuevo León|,"25.7708161,-100.4340179",100.0,60526.32,25.7708161,-100.4340179
house,|México|Tamaulipas|,"22.2331041,-97.861099",130.0,92105.26,22.2331041,-97.861099
house,|México|Nuevo León|,"25.723276,-100.401518",278.0,240526.32,25.723276,-100.401518
house,|México|Puebla|,"19.044477,-98.328011",260.0,236842.11,19.044477,-98.328011
house,|México|Estado de México|,"19.562922,-99.254974",120.0,45789.47,19.562922,-99.254974
apartment,|México|Nuevo León|,"25.580088,-100.239685",130.0,104210.53,25.580088,-100.239685
house,|México|Puebla|,"19.055344,-98.212046",7300.0,,19.055344,-98.212046
house,|México|Morelos|,"23.634501,-102.552788",290.0,221052.63,23.634501,-102.552788
apartment,|México|Distrito Federal|,,80.0,97678.95,19.34189,
house,|México|,"19.404718,-99.263313",139.0,,19.404718,-99.263313
house,|México|Querétaro|,"20.675023,-100.457086",304.0,273684.21,20.675023,-100.457086
house,|México|Estado de México|,"19.532259,-99.23214",220.0,204000.0,19.532259,-99.23214
house,|México|Tamaulipas|,"22.313122,-97.858559",193.0,50000.0,22.313122,-97.858559
house,|México|Tamaulipas|,"22.29275303,-97.89062485",88.0,60526.32,22.29275303,-97.89062485
house,|México|Morelos|,"18.864874,-98.925911",130.0,86842.11,18.864874,-98.925911
house,|México|Querétaro|,"20.726007,-100.442642",290.0,199473.68,20.726007,-100.442642
house,|México|Nayarit|,"20.7204378,-105.2706825",152.0,65789.47,20.7204378,-105.2706825
house,|México|,"19.1368849,-96.1093008",130.0,57894.74,19.1368849,-96.1093008
apartment,|México|Estado de México###|,"19.291351,-99.668945",85.0,48000.0,19.291351,-99.668945
apartment,|México|Morelos|,"18.9242095,-99.2215659",80.0,39473.68,18.9242095,-99.2215659
apartment,|México|Quintana Roo|,"21.152496,-86.869834",99.0,,21.152496,-86.869834
house,|México|Puebla|,"19.027103,-98.270025",166.0,83157.89,19.027103,-98.270025
house,|México|Nuevo León|,,350.0,223684.21,,-100.223213
house,|México|Morelos|,"18.813505,-98.953514",140.0,63157.89,18.813505,-98.953514
house,|México|Yucatán|,"21.039522,-89.563911",,120263.16,21.039522,-89.563911
house,|México|Morelos|,"18.804409,-98.959038",230.0,65789.47,18.804409,-98.959038
house,|México|Nuevo León|,"25.584658,-100.257912",350.0,262631.58,25.584658,-100.257912
house,|México|Estado de México|,"19.225745,-99.567856",270.0,207894.74,19.225745,-99.567856
house,|México|Jalisco|,"20.763189,-103.389053",95.0,81578.95,20.763189,-103.389053
house,|México|Distrito Federal|,"19.383512,-99.084804",115.0,94210.53,19.383512,-99.084804
house,|México|Jalisco|,"20.6460186,-105.2267944",160.0,126315.79,20.6460186,-105.2267944
apartment,|México|Distrito Federal|,,85.0,165789.47,19.367025,
house,|México|Querétaro|,"20.604974,-100.409786",110.0,52105.26,20.604974,-100.409786
house,|México|Aguascalientes###|,"21.93248,-102.297005",305.0,192105.26,21.93248,-102.297005
house,|México|San Luis Potosí|,"22.133745,-101.016029",126.0,113105.26,22.133745,-101.016029
apartment,|México|Puebla|,"19.054064,-98.245911",87.0,46973.68,19.054064,-98.245911
house,|México|Puebla|,,,113684.21,,-98.3143192
house,|México|Morelos|,"18.947784,-99.201675",15000.0,242105.26,18.947784,-99.201675
apartment,|México|Distrito Federal|,"19.3418937,-99.2245237",145.0,244736.84,19.3418937,-99.2245237
house,|México|,"20.963127,-97.385071",200.0,184210.53,20.963127,-97.385071
house,|México|Estado de México|,"19.550089,-99.214828",87.0,51000.0,19.550089,-99.214828
house,|México|Tamaulipas|,"22.307415,-97.859846",61.0,33684.21,22.307415,-97.859846
house,|México|Morelos|,"18.8879389,-99.0247871",76.0,68421.05,18.8879389,-99.0247871
house,|México|Yucatán|,"21.030668,-89.599258",144.0,86789.47,21.030668,-89.599258
apartment,|México|Veracruz de Ignacio de la Llave|,"19.10283721,-96.11123085",160.0,,19.10283721,-96.11123085
house,|México|Distrito Federal|,"19.353592,-99.177275",360.0,230842.11,19.353592,-99.177275
house,|México|Yucatán|,"21.01144518,-89.57977295",222.0,113157.89,21.01144518,-89.57977295
house,|México|,"19.263756,-99.540924",134.0,92105.26,19.263756,-99.540924
house,|México|Estado de México|,"19.415097,-98.918523",85.0,49473.68,19.415097,-98.918523
house,|México|Distrito Federal|,"19.471368,-99.08649",280.0,141052.63,19.471368,-99.08649
house,|México|Veracruz de Ignacio de la Llave|,"19.125807,-96.104954",251.0,139473.68,19.125807,-96.104954
house,|México|Distrito Federal|,"19.414261,-99.104118",167.0,236842.11,19.414261,-99.104118
house,|México|Baja California|,"32.469454,-117.003688",93.0,89421.05,32.469454,-117.003688
house,|México|Estado de México|,"19.5224961,-99.255074",,227684.21,19.5224961,-99.255074
house,|México|Yucatán|,"21.039522,-89.563911",181.0,97894.74,21.039522,-89.563911
house,|México|Quintana Roo|,"20.6295586,-87.0738851",143.0,127894.74,20.6295586,-87.0738851
house,|México|Veracruz de Ignacio de la Llave|,"19.17078,-96.12487",380.0,236842.11,19.17078,-96.12487
house,|México|Chiapas|,"16.756552,-93.181732",326.0,192217.47,16.756552,-93.181732
house,|México|Querétaro|,"20.5745579,-100.4129676",160.0,194736.84,20.5745579,-100.4129676
house,|México|Jalisco|,,250.0,110526.32,,-103.259237
apartment,|México|Yucatán|,"21.06334852,-89.61303592",60.0,,21.06334852,-89.61303592
other,|México|Nuevo León|,"25.749624,-100.304192",172.0,121052.63,25.749624,-100.304192
other,|México|Puebla|,"19.036623,-98.190544",204.0,78947.37,19.036623,-98.190544
house,|México|Distrito Federal###|,"19.358008,-99.127094",95.0,101157.89,19.358008,-99.127094
house,|México|Chiapas|,"19.701565,-101.270798",250.0,63157.89,19.701565,-101.270798
apartment,|México|Distrito Federal|,,70.0,,,-99.14685
house,|México|Veracruz de Ignacio de la Llave|,"18.1479784,-94.4626507",157.0,121052.63,18.1479784,-94.4626507
apartment,|México|Guerrero|,"16.794599,-99.83012",230.0,207894.74,16.794599,-99.83012
house,|México|Querétaro|,"20.594322,-100.365929",298.0,173684.21,20.594322,-100.365929
house,|México|Morelos|,"18.919898,-98.978835",190.0,97368.42,18.919898,-98.978835
house,|México|Veracruz de Ignacio de la Llave|,"19.074387,-96.086259",245.0,151315.79,19.074387,-96.086259
house,|México|Guerrero|,"16.758724,-99.767563",142.0,100000.0,16.758724,-99.767563
house,|México|Estado de México|,"19.650003,-99.220367",132.0,137105.26,19.650003,-99.220367
house,|México|Estado de México|,"19.72876,-99.461708",90.0,70263.16,19.72876,-99.461708
house,|México|Jalisco|,"23.634501,-102.552788",127.0,84210.53,23.634501,-102.552788
house,|México|Yucatán|,"20.999449,-89.6334",300.0,228947.37,20.999449,-89.6334
house,|México|Yucatán|,"21.0411724,-89.5550539",215.0,98162.37,21.0411724,-89.5550539
house,|México|Puebla|,"19.105051,-98.243682",170.0,97368.42,19.105051,-98.243682
apartment,|México|Yucatán|,"21.0381057,-89.5933722",186.0,148739.68,21.0381057,-89.5933722
house,|México|Veracruz de Ignacio de la Llave|,"19.136782,-96.123543",210.0,89473.68,19.136782,-96.123543
house,|México|Baja California|,"32.63496,-115.391907",,102631.58,32.63496,-115.391907
house,|México|Yucatán|,"21.039522,-89.563911",,125926.68,21.039522,-89.563911
house,|México|Veracruz de Ignacio de la Llave|,"25.535009,-103.302429",350.0,42105.26,25.535009,-103.302429
house,|México|Nayarit|,"20.7053975,-105.2684878",101.0,,20.7053975,-105.2684878
house,|México|Veracruz de Ignacio de la Llave|,"25.659972,-103.366303",170.0,49473.68,25.659972,-103.366303
house,|México|Tamaulipas|,"22.2722052,-97.8476749",214.0,128947.37,22.2722052,-97.8476749
house,|México|Morelos|,"18.867191,-99.180214",,86842.11,18.867191,-99.180214
house,|México|Querétaro|,"20.6962084,-100.4506587",120.0,76315.79,20.6962084,-100.4506587
house,|México|Distrito Federal|,"19.285162,-99.194185",150.0,110000.0,19.285162,-99.194185
house,|México|Estado de México|,"19.497893,-99.244125",250.0,234210.53,19.497893,-99.244125
apartment,|México|Guerrero|,"23.634501,-102.552788",20241201.0,157894.74,23.634501,-102.552788
house,|México|Sonora|,"23.634501,-102.552788",383.0,184210.53,23.634501,-102.552788
house,|México|Querétaro|,"20.389062,-99.957622",95.0,48947.37,20.389062,-99.957622
apartment,|México|Guerrero|,"16.828667,-99.858981",137.0,97368.42,16.828667,-99.858981
house,|México|Querétaro###|,"20.705742,-100.444016",258.0,,20.705742,-100.444016
apartment,|México|Distrito Federal|,"19.35782,-99.149406",80.0,68157.89,19.35782,-99.149406
house,|México|Morelos|,"18.864874,-98.925911",121.0,65789.47,18.864874,-98.925911
house,|México|Distrito Federal###|,"19.342911,-99.224472",120.0,,19.342911,-99.224472
house,|México|Estado de México|,"23.634501,-102.552788",228.0,149000.0,23.634501,-102.552788
house,|México|Sonora|,"29.063726,-110.976746",102.0,57894.74,29.063726,-110.976746
house,|México|Nuevo León|,"25.801826,-100.196945",190.0,104736.84,25.801826,-100.196945
house,|México|Querétaro|,"20.5951924,-100.3479663",180.0,120000.0,20.5951924,-100.3479663
house,|México|Puebla|,"19.059084,-98.286095",165.0,,19.059084,-98.286095
house,|México|Estado de México###|,"23.634501,-102.552788",150.0,35368.42,23.634501,-102.552788
apartment,|México|Querétaro|,"20.726007,-100.442642",135.0,115789.47,20.726007,-100.442642
house,|México|Yucatán|,"21.0278699,-89.5880314",240.0,184210.53,21.0278699,-89.5880314
house,|México|Morelos|,"18.91473109,-98.94081116",140.0,118421.05,18.91473109,-98.94081116
house,|México|Yucatán|,"20.968147,-89.629875",70.0,78947.37,20.968147,-89.629875
house,|México|Nuevo León|,"25.674595,-100.463539",234.0,113157.89,25.674595,-100.463539
house,|México|Yucatán|,"21.039522,-89.563911",220.0,118421.05,21.039522,-89.563911
house,|México|Morelos###|,"18.850763,-98.943855",160.0,,18.850763,-98.943855
house,|México|Querétaro|,"20.726007,-100.442642",250.0,194736.84,20.726007,-100.442642
apartment,|México|Puebla|,"19.056689,-98.237817",120.0,115789.47,19.056689,-98.237817
house,|México|Tamaulipas|,"22.270658,-97.849037",380.0,263157.89,22.270658,-97.849037
house,|México|Jalisco|,"20.748312,-103.429504",96.0,77631.58,20.748312,-103.429504
house,|México|Querétaro|,"20.614635,-100.416756",139.0,92105.26,20.614635,-100.416756
house,|México|San Luis Potosí###|,"22.152988,-100.965364",250.0,,22.152988,-100.965364
house,|México|,,220.0,94210.53,21.039522,
house,|México|Nuevo León|,"25.723516,-100.393311",290.0,181263.16,25.723516,-100.393311
house,|México|Veracruz de Ignacio de la Llave|,"19.563767,-96.938694",300.0,228947.37,19.563767,-96.938694
apartment,|México|Distrito Federal|,,92.0,71052.63,,-99.188231
house,|México|Morelos###|,"18.8624622,-99.2120335",20241201.0,,18.8624622,-99.2120335
house,|México|Estado de México|,"19.508698,-98.875664",260.0,44789.47,19.508698,-98.875664
house,|México|Yucatán|,"20.968791,-89.5857147",228.0,66526.32,20.968791,-89.5857147
apartment,|México|Estado de México|,"19.3735635,-99.2965778",126.0,142105.26,19.3735635,-99.2965778
house,|México|Tamaulipas|,"22.2453265,-97.8431699",131.0,73684.21,22.2453265,-97.8431699
apartment,|México|Distrito Federal|,,80.0,52428.26,,-99.243225
apartment,|México|Guerrero|,"16.794434,-99.830807",256.0,307127.16,16.794434,-99.830807
house,|México|Tamaulipas|,"22.300137,-97.897331",111.0,63157.89,22.300137,-97.897331
house,|México|Jalisco|,"20.749051,-103.66731",300.0,147368.42,20.749051,-103.66731
house,|México|Veracruz de Ignacio de la Llave|,"26.847851,-101.424133",160.0,67026.32,26.847851,-101.424133
house,|México|Baja California|,"23.634501,-102.552788",115.0,42631.58,23.634501,-102.552788
apartment,|México|Puebla|,"19.02038,-98.207626",219.0,101315.79,19.02038,-98.207626
house,|México|Hidalgo|,"20.0519991,-98.755252",110.0,44736.84,20.0519991,-98.755252
house,|México|Yucatán|,,250.0,118421.05,21.0634817,
house,|México|Distrito Federal|,"19.399652,-99.16127",235.0,205263.16,19.399652,-99.16127
house,|México|Durango|,"24.043295,-104.636917",350.0,236842.11,24.043295,-104.636917
house,|México|Veracruz de Ignacio de la Llave|,"25.551631,-103.432737",,39473.68,25.551631,-103.432737
house,|México|Querétaro|,"20.574251,-100.388476",195.0,63157.89,20.574251,-100.388476
apartment,|México|Distrito Federal|,"19.482603,-99.194748",60.0,78947.37,19.482603,-99.194748
house,|México|Morelos###|,"18.953268,-99.224525",201.0,,18.953268,-99.224525
apartment,|México|Morelos|,"18.891611,-99.221756",93.0,49473.68,18.891611,-99.221756
apartment,|México|San Luis Potosí|,"22.1441622,-101.0358237",160.0,89421.05,22.1441622,-101.0358237
house,|México|Estado de México|,"19.2693686,-99.6021262",250.0,294736.84,19.2693686,-99.6021262
other,|México|Yucatán|,"21.0749983,-89.5195181",242.0,101884.21,21.0749983,-89.5195181
house,|México|Puebla|,"18.462721,-97.414111",250.0,144736.84,18.462721,-97.414111
house,|México|Estado de México|,"19.595285,-99.050201",120.0,36842.11,19.595285,-99.050201
house,|México|Sonora|,,134.0,57894.74,27.934649,
house,|México|Sinaloa|,"24.79119169,-107.3835468",300.0,144736.84,24.79119169,-107.3835468
house,|México|,,180.0,118421.05,,-99.122093
house,|México|Yucatán|,"21.072905,-89.65963",253.0,110526.32,21.072905,-89.65963
house,|México|Tlaxcala|,"19.4171734,-98.1434147",140.0,44736.84,19.4171734,-98.1434147
house,|México|Yucatán|,"21.008295,-89.591019",,158210.53,21.008295,-89.591019
house,|México|Morelos|,"18.864482,-98.928802",121.0,65789.47,18.864482,-98.928802
house,|México|Distrito Federal|,"19.366935,-99.077541",208.0,77089.47,19.366935,-99.077541
house,|México|San Luis Potosí|,"23.634501,-102.552788",198.0,110526.32,23.634501,-102.552788
house,|México|Chiapas|,"16.757278,-93.134056",255.0,165043.74,16.757278,-93.134056
house,|México|Nayarit|,,160.0,155263.16,20.697244,
house,|México|Puebla|,"19.02038,-98.207626",330.0,184210.53,19.02038,-98.207626
house,|México|Quintana Roo|,"21.1773896,-86.8179603",290.0,118421.05,21.1773896,-86.8179603
house,|México|Guerrero|,"16.855229,-99.918871",150.0,57894.74,16.855229,-99.918871
house,|México|Tabasco|,"17.97423,-92.923836",110.0,55263.16,17.97423,-92.923836
house,|México|Distrito Federal|,"19.313719,-99.231792",,103684.21,19.313719,-99.231792
house,|México|Durango|,"25.58972991,-103.4631872",118.0,50000.0,25.58972991,-103.4631872
house,|México|Quintana Roo|,"21.161908,-86.8515279",204.0,157368.42,21.161908,-86.8515279
house,|México|Yucatán|,"21.03071,-89.618103",131.0,71052.63,21.03071,-89.618103
apartment,|México|Distrito Federal|,,74.0,175368.42,19.39912,
house,|México|Yucatán|,,220.0,105263.16,21.05632272,
house,|México|Estado de México|,"19.5139313,-99.2281847",160.0,106368.42,19.5139313,-99.2281847
other,|México|Querétaro|,"20.598278,-100.33121",140.0,,20.598278,-100.33121
house,|México|Sinaloa|,"23.270559,-106.389061",158.0,71052.63,23.270559,-106.389061
house,|México|Baja California Sur|,"23.634501,-102.552788",80.0,50000.0,23.634501,-102.552788
apartment,|México|Guerrero|,"16.85952231,-99.86284733",142.0,110526.32,16.85952231,-99.86284733
house,|México|Morelos|,,150.0,46315.79,,-98.982506
house,|México|,,160.0,103157.89,,-99.213448
other,|México|Distrito Federal|,"19.40012,-99.1532",84.0,93368.42,19.40012,-99.1532
house,|México|Veracruz de Ignacio de la Llave###|,"25.55617,-103.481529",307.0,110526.32,25.55617,-103.481529
house,|México|Veracruz de Ignacio de la Llave|,,200.0,35789.47,,-103.443045
house,|México|Morelos|,"18.858107,-99.200287",105.0,72578.95,18.858107,-99.200287
house,|México|Chihuahua|,"28.6569304,-106.0919272",115.0,68421.05,28.6569304,-106.0919272
house,|México|Veracruz de Ignacio de la Llave|,"28.684125,-100.541089",160.0,44736.84,28.684125,-100.541089
house,|México|,"22.254078,-97.824554",140.0,60526.32,22.254078,-97.824554
house,|México|Chiapas|,"16.766455,-93.111488",240.0,67368.42,16.766455,-93.111488
house,|México|Querétaro|,"20.545198,-100.407191",140.0,55263.16,20.545198,-100.407191
house,|México|,"22.18774276,-100.9580845",200.0,67631.58,22.18774276,-100.9580845
house,|México|Morelos|,"18.864874,-98.925911",86.0,46315.79,18.864874,-98.925911
apartment,|México|San Luis Potosí|,"22.133104,-100.982117",130.0,72631.58,22.133104,-100.982117
house,|México|Tamaulipas|,"26.079573,-98.282845",268.0,115789.47,26.079573,-98.282845
apartment,|México|Veracruz de Ignacio de la Llave|,"19.127317,-96.106186",160.0,152631.58,19.127317,-96.106186
apartment,|México|Distrito Federal|,,60.0,121052.63,19.340305,
house,|México|Estado de México|,"19.517476,-99.272892",170.0,97894.74,19.517476,-99.272892
house,|México|Estado de México|,"19.552838,-99.251161",80.0,44105.26,19.552838,-99.251161
apartment,|México|Distrito Federal|,,67.0,139473.68,19.35743172,
house,|México|Estado de México|,"19.69323,-99.22522",70.0,53097.89,19.69323,-99.22522
house,|México|Distrito Federal|,,,107894.74,,-99.098311
house,|México|Jalisco###|,,380.0,194736.84,,-103.319042
house,|México|Baja California|,"32.647057,-115.421524",176.0,102631.58,32.647057,-115.421524
house,|México|San Luis Potosí|,"22.141575,-100.900192",245.0,84210.53,22.141575,-100.900192
house,|México|Puebla|,"18.978682,-98.250015",128.0,68421.05,18.978682,-98.250015
house,|México|Querétaro|,"20.619887,-100.392302",20241201.0,194736.84,20.619887,-100.392302
house,|México|Morelos|,"18.892714,-99.1996",285.0,197368.42,18.892714,-99.1996
house,|México|Tamaulipas|,"22.329824,-97.880325",200.0,184210.53,22.329824,-97.880325
apartment,|México|Distrito Federal|,,78.0,150000.0,19.322523,
house,|México|Chiapas###|,"16.70635,-93.177151",115.0,53684.21,16.70635,-93.177151
house,|México|Estado de México|,"19.297163,-99.635183",230.0,105263.16,19.297163,-99.635183
house,|México|Veracruz de Ignacio de la Llave|,"20.95062266,-97.42163144",64.0,44736.84,20.95062266,-97.42163144
house,|México|Yucatán|,"20.9725515,-89.6004394",229.0,51578.95,20.9725515,-89.6004394
house,|México|Distrito Federal|,"19.317675,-99.09318",229.0,184210.53,19.317675,-99.09318
house,|México|Morelos|,"18.879347,-99.179871",95.0,71052.63,18.879347,-99.179871
house,|México|Durango|,"25.625198,-103.499954",132.0,45789.47,25.625198,-103.499954
apartment,|México|Distrito Federal|,"19.401507,-99.14682",,91052.63,19.401507,-99.14682
apartment,|México|Distrito Federal|,"19.474285,-99.084981",,36000.0,19.474285,-99.084981
house,|México|,"18.928623,-99.247382",220.0,89473.68,18.928623,-99.247382
house,|México|Querétaro|,,350.0,205263.16,,-99.895833
house,|México|Nuevo León|,"25.662563,-100.18013",350.0,157894.74,25.662563,-100.18013
house,|México|Sinaloa|,"23.246303,-106.398103",200.0,52631.58,23.246303,-106.398103
house,|México|Morelos|,"18.969294,-99.249802",198.0,136842.11,18.969294,-99.249802
apartment,|México|Guerrero###|,"16.75063911,-99.76263069",70.0,43684.21,16.75063911,-99.76263069
house,|México|,"19.335116,-99.223332",90.0,171578.95,19.335116,-99.223332
apartment,|México|Distrito Federal|,"19.402944,-99.199727",70.0,61242.11,19.402944,-99.199727
house,|México|,"19.682219,-99.118782",188.0,,19.682219,-99.118782
house,|México|Nuevo León|,"25.7214602,-100.2735673",85.0,63157.89,25.7214602,-100.2735673
house,|México|Querétaro|,,115.0,71052.63,,-100.4308988
house,|México|Nuevo León|,"25.672399,-100.257777",123.0,64210.53,25.672399,-100.257777
other,|México|Distrito Federal|,"19.399815,-99.150806",90.0,120000.0,19.399815,-99.150806
house,|México|Yucatán|,"20.9550515,-89.6793392",120.0,41052.63,20.9550515,-89.6793392
house,|México|Chiapas|,"16.228815,-92.128043",20241201.0,68421.05,16.228815,-92.128043
apartment,|México|Jalisco|,"20.69064,-103.393175",166.0,274592.89,20.69064,-103.393175
house,|México|Estado de México|,,215.0,247105.26,,-99.598374
house,|México|Querétaro|,"20.726007,-100.442642",295.0,273684.21,20.726007,-100.442642
apartment,|México|Distrito Federal|,"19.403334,-99.157755",,241060.53,19.403334,-99.157755
apartment,|México|Baja California|,"32.451368,-116.973935",70.0,36092.11,32.451368,-116.973935
other,|México|Aguascalientes|,"21.901482,-102.34405",350.0,,21.901482,-102.34405
house,|México|Jalisco|,,340.0,313105.26,,
house,|México|,"19.076204,-98.266733",117.0,71052.63,19.076204,-98.266733
apartment,|México|Distrito Federal|,"19.48778,-99.110583",65.0,52631.58,19.48778,-99.110583
house,|México|Distrito Federal|,,100.0,,19.3176966,
house,|México|Quintana Roo|,"21.129547,-86.817017",180.0,97368.42,21.129547,-86.817017
house,|México|Puebla|,"19.046724,-98.254127",136.0,120252.63,19.046724,-98.254127
apartment,|México|Distrito Federal|,"19.352431,-99.288369",80.0,152631.58,19.352431,-99.288369
house,|México|Morelos|,"18.858107,-99.200287",92.0,52398.95,18.858107,-99.200287
house,|México|Querétaro|,"20.6536084,-100.3469826",130.0,88947.37,20.6536084,-100.3469826
house,|México|Nuevo León|,"25.7542524,-100.4034274",137.0,71052.63,25.7542524,-100.4034274
house,|México|Yucatán|,,155.0,71052.63,21.006756,
house,|México|Morelos|,"18.891621,-99.071698",68.0,41578.95,18.891621,-99.071698
house,|México|Distrito Federal|,"19.317653,-99.236291",350.0,176315.79,19.317653,-99.236291
house,|México|Tamaulipas|,"22.246319,-97.86264",163.0,113157.89,22.246319,-97.86264
other,|México|Distrito Federal|,"23.634501,-102.552788",100.0,78947.37,23.634501,-102.552788
apartment,|México|Distrito Federal|,"19.3651763,-99.2300641",3300.0,65789.47,19.3651763,-99.2300641
house,|México|Querétaro|,"20.593055,-100.333424",175.0,94736.84,20.593055,-100.333424
house,|México|Nuevo León|,"25.6910283,-100.3568071",,310526.32,25.6910283,-100.3568071
house,|México|Jalisco|,"20.594706,-103.396278",90.0,51578.95,20.594706,-103.396278
house,|México|Veracruz de Ignacio de la Llave|,"23.634501,-102.552788",148.0,81578.95,23.634501,-102.552788
house,|México|Puebla|,"18.989918,-98.2295",220.0,89473.68,18.989918,-98.2295
house,|México|Puebla|,"19.043993,-98.25757",188.0,78947.37,19.043993,-98.25757
house,|México|Hidalgo|,"20.1213329,-98.7818531",66.0,34210.53,20.1213329,-98.7818531
house,|México|Nayarit|,"20.733392,-105.288009",172.0,118421.05,20.733392,-105.288009
other,|México|,,150.0,,,-99.177444
house,|México|Yucatán|,"21.023252,-89.614571",300.0,163157.89,21.023252,-89.614571
house,|México|,"20.124367,-98.735725",176.0,82473.68,20.124367,-98.735725
house,|México|Veracruz de Ignacio de la Llave|,,146.0,47368.42,25.510947,
apartment,|México|Distrito Federal|,"19.480501,-99.178139",70.0,45789.47,19.480501,-99.178139
house,|México|Yucatán|,"21.030668,-89.599258",305.0,189473.68,21.030668,-89.599258
house,|México|Querétaro|,"20.679045,-100.341225",157.0,102631.58,20.679045,-100.341225
house,|México|Aguascalientes|,"21.9633957,-102.343524",146.0,41578.95,21.9633957,-102.343524
house,|México|Baja California|,"32.469498,-116.96022",111.0,34210.53,32.469498,-116.96022
house,|México|Tamaulipas|,"22.329824,-97.880325",138.0,83157.89,22.329824,-97.880325
apartment,|México|Yucatán|,"21.039522,-89.563911",,,21.039522,-89.563911
house,|México|Chiapas|,,120.0,34210.53,,-101.145103
apartment,|México|Guerrero###|,"16.870413,-99.873192",150.0,192105.26,16.870413,-99.873192
house,|México|Estado de México|,"19.765149,-98.646915",380.0,104736.84,19.765149,-98.646915
apartment,|México|Distrito Federal|,"19.372248,-99.133377",65.0,56571.16,19.372248,-99.133377
house,|México|Distrito Federal|,"19.280767,-99.033615",349.0,,19.280767,-99.033615
apartment,|México|Distrito Federal|,"19.389791,-99.164696",154.0,263157.89,19.389791,-99.164696
house,|México|Yucatán|,"21.039522,-89.563911",,160526.32,21.039522,-89.563911
house,|México|Estado de México|,"19.668947,-99.224525",90.0,40000.0,19.668947,-99.224525
house,|México|Puebla|,"19.009069,-98.196693",148.0,89473.68,19.009069,-98.196693
house,|México|Baja California|,"32.494823,-117.016725",92.0,51578.95,32.494823,-117.016725
apartment,|México|Distrito Federal|,"19.314545,-99.140672",122.0,244736.84,19.314545,-99.140672
house,|México|San Luis Potosí|,,166.0,100000.0,,-101.0273412
house,|México|,"20.64338,-103.431613",120.0,71052.63,20.64338,-103.431613
house,|México|Baja California|,"30.733356,-115.984407",200.0,89473.68,30.733356,-115.984407
house,|México|Estado de México###|,"19.553615,-99.248715",260.0,147368.42,19.553615,-99.248715
apartment,|México|Distrito Federal|,"19.405298,-99.164986",80.0,225263.16,19.405298,-99.164986
house,|México|Querétaro|,"20.5969621,-100.3337597",193.0,118421.05,20.5969621,-100.3337597
house,|México|,,115.0,,,-102.552788
house,|México|Distrito Federal|,"19.34016,-99.194081",90.0,79953.95,19.34016,-99.194081
house,|México|Yucatán|,"21.075163,-89.516731",185.0,75263.16,21.075163,-89.516731
other,|México|Tamaulipas|,"22.257896,-97.86808",200.0,142105.26,22.257896,-97.86808
apartment,|México|Guerrero|,"16.8531086,-99.8236533",138.0,68421.05,16.8531086,-99.8236533
house,|México|,"19.027384,-98.265213",160.0,121052.63,19.027384,-98.265213
house,|México|Estado de México|,"19.309069,-99.602311",146.0,100000.0,19.309069,-99.602311
house,|México|Sinaloa|,"23.20485,-106.424401",200.0,118421.05,23.20485,-106.424401
house,|México|Chihuahua|,"28.631943,-106.117668",,81578.95,28.631943,-106.117668
house,|México|Yucatán|,"21.0399331,-89.5965747",235.0,128218.68,21.0399331,-89.5965747
house,|México|,"16.8808724,-99.9359641",104.0,44736.84,16.8808724,-99.9359641
house,|México|Baja California Sur|,"24.125583,-110.330846",128.0,94210.53,24.125583,-110.330846
house,|México|Estado de México|,"19.269808,-99.593781",,197368.42,19.269808,-99.593781
apartment,|México|Distrito Federal|,"19.41498,-99.177444",164.0,289473.68,19.41498,-99.177444
house,|México|Yucatán|,"20.996355,-89.583946",,126315.79,20.996355,-89.583946
house,|México|Morelos|,"18.954132,-99.266083",85.0,55263.16,18.954132,-99.266083
house,|México|Estado de México|,"19.494789,-99.270887",151.0,105789.47,19.494789,-99.270887
house,|México|Guerrero|,"17.6474239,-101.5455504",119.0,125073.68,17.6474239,-101.5455504
house,|México|Estado de México|,"19.2666119,-99.6403991",191.0,115789.47,19.2666119,-99.6403991
house,|México|Quintana Roo|,,210.0,103947.37,21.161908,
apartment,|México|Distrito Federal|,"19.377171,-99.188503",72.0,106736.84,19.377171,-99.188503
apartment,|México|Distrito Federal|,"19.2790911,-99.2114234",76.0,40593.79,19.2790911,-99.2114234
house,|México|Jalisco|,"20.660534,-103.318809",345.0,,20.660534,-103.318809
house,|México|Veracruz de Ignacio de la Llave|,"20.95618,-97.408578",112.0,105263.16,20.95618,-97.408578
house,|México|San Luis Potosí|,"22.141575,-100.900192",229.0,113084.21,22.141575,-100.900192
apartment,|México|Distrito Federal|,"19.443178,-99.20237",115.0,238684.21,19.443178,-99.20237
house,|México|Yucatán|,"21.05258302,-89.53863859",168.0,80711.37,21.05258302,-89.53863859
house,|México|Estado de México|,"19.621174,-99.148073",100.0,36842.11,19.621174,-99.148073
house,|México|Puebla|,"18.915431,-98.435252",200.0,99473.68,18.915431,-98.435252
house,|México|Tabasco|,"17.962037,-92.973569",139.0,65789.47,17.962037,-92.973569
apartment,|México|Distrito Federal|,"19.30102797,-99.14421916",108.0,86842.11,19.30102797,-99.14421916
apartment,|México|Veracruz de Ignacio de la Llave|,"20.949051,-97.364006",300.0,194736.84,20.949051,-97.364006
house,|México|Estado de México|,"19.627731,-99.30194",146.0,45789.47,19.627731,-99.30194
house,|México|Baja California Sur|,"24.03902146,-110.3097618",250.0,155263.16,24.03902146,-110.3097618
house,|México|Quintana Roo|,"21.112447,-86.85264",180.0,131578.95,21.112447,-86.85264
apartment,|México|Distrito Federal|,,70.0,66842.11,19.451872,
house,|México|Morelos|,"18.913485,-99.240456",80.0,68421.05,18.913485,-99.240456
house,|México|Morelos|,,110.0,94736.84,,
apartment,|México|Distrito Federal|,,90.0,,,-99.1891539
house,|México|Veracruz de Ignacio de la Llave|,"25.558637,-103.449786",250.0,115789.47,25.558637,-103.449786
house,|México|Jalisco|,"20.764135,-103.339958",140.0,84210.53,20.764135,-103.339958
apartment,|México|Distrito Federal|,"19.385989,-99.186285",107.0,79342.11,19.385989,-99.186285
house,|México|Chihuahua|,"28.6329957,-106.0691004",290.0,195526.32,28.6329957,-106.0691004
house,|México|Puebla|,"18.996482,-98.239653",100.0,39473.68,18.996482,-98.239653
apartment,|México|Distrito Federal|,"19.401507,-99.14682",65.0,91052.63,19.401507,-99.14682
house,|México|Querétaro###|,"20.726007,-100.442642",135.0,,20.726007,-100.442642
house,|México|Morelos|,"18.795519,-99.231445",165.0,93684.21,18.795519,-99.231445
house,|México|Morelos|,"18.885848,-98.973834",82.0,75694.74,18.885848,-98.973834
house,|México|Querétaro|,,110.0,62105.26,20.403807,
house,|México|San Luis Potosí|,"22.134478,-100.929138",97.0,40789.47,22.134478,-100.929138
other,|México|Estado de México|,"19.5562275,-99.2674713",64.0,52631.53,19.5562275,-99.2674713
apartment,|México|Querétaro|,"20.726007,-100.442642",173.0,231578.95,20.726007,-100.442642
house,|México|Nuevo León|,"25.757803,-100.404541",179.0,99473.68,25.757803,-100.404541
house,|México|San Luis Potosí|,"22.1593377,-101.0443504",187.0,100000.0,22.1593377,-101.0443504
house,|México|Querétaro|,"20.726007,-100.442642",180.0,127894.74,20.726007,-100.442642
house,|México|Distrito Federal|,"19.475765,-99.145",270.0,131578.95,19.475765,-99.145
house,|México|Querétaro###|,"20.6490506,-100.4393293",380.0,300000.0,20.6490506,-100.4393293
house,|México|Puebla|,"19.060701,-98.329774",255.0,139473.68,19.060701,-98.329774
house,|México|Veracruz de Ignacio de la Llave|,,167.0,76000.0,25.365447,
apartment,|México|Guerrero|,"23.634501,-102.552788",180.0,105263.16,23.634501,-102.552788
house,|México|Baja California|,"32.589504,-115.363762",86.0,,32.589504,-115.363762
other,|México|Distrito Federal|,"19.383952,-99.160229",110.0,176327.37,19.383952,-99.160229
house,|México|Puebla|,"18.97302,-98.206238",210.0,150000.0,18.97302,-98.206238
apartment,|México|Baja California Sur|,"24.16478214,-110.3053683",71.0,42105.26,24.16478214,-110.3053683
apartment,|México|Yucatán|,"21.072905,-89.65963",210.0,104013.16,21.072905,-89.65963
house,|México|Nuevo León|,"25.758963,-100.316811",175.0,65789.47,25.758963,-100.316811
house,|México|Puebla|,"19.0378006,-98.3007086",165.0,111578.95,19.0378006,-98.3007086
house,|México|Distrito Federal|,"19.3870644,-99.0362059",300.0,134210.53,19.3870644,-99.0362059
house,|México|Estado de México|,"19.5329337,-99.164866",290.0,244736.84,19.5329337,-99.164866
house,|México|Tlaxcala|,,160.0,68421.05,,-98.255075
house,|México|Morelos|,,110.0,68421.05,23.634501,
house,|México|Querétaro|,"20.70706703,-100.4718161",309.0,194736.84,20.70706703,-100.4718161
house,|México|Puebla|,"19.046589,-98.102929",92.0,33157.89,19.046589,-98.102929
house,|México|Nuevo León|,"25.7394971,-100.2754971",164.0,65789.47,25.7394971,-100.2754971
house,|México|Veracruz de Ignacio de la Llave|,"19.100079,-96.121007",220.0,150000.0,19.100079,-96.121007
house,|México|San Luis Potosí|,"22.147087,-100.960213",105.0,57894.74,22.147087,-100.960213
house,|México|Guanajuato|,"21.1264477,-101.611078",250.0,,21.1264477,-101.611078
house,|México|Morelos|,"18.917542,-98.963181",140.0,76315.79,18.917542,-98.963181
house,|México|Distrito Federal|,"19.472128,-99.146697",190.0,102263.16,19.472128,-99.146697
house,|México|Estado de México|,"19.234984,-99.558175",115.0,110526.32,19.234984,-99.558175
house,|México|Puebla|,"18.9187144,-98.4266391",,46842.11,18.9187144,-98.4266391
house,|México|Yucatán|,"21.075163,-89.516731",185.0,89210.53,21.075163,-89.516731
apartment,|México|Distrito Federal|,"19.52589,-99.151703",71.0,48550.59,19.52589,-99.151703
house,|México|Estado de México|,"19.2640539,-99.5727534",233.0,168636.73,19.2640539,-99.5727534
house,|México|Estado de México|,"19.268629,-99.671722",300.0,86932.69,19.268629,-99.671722
apartment,|México|Veracruz de Ignacio de la Llave|,"19.511938,-96.871956",84.0,68508.67,19.511938,-96.871956
house,|México|Jalisco|,"20.689157,-103.366728",,102763.0,20.689157,-103.366728
house,|México|Yucatán|,"21.0441317,-89.6216334",223.0,126477.54,21.0441317,-89.6216334
house,|México|Quintana Roo|,"21.129547,-86.817017",179.0,121207.64,21.129547,-86.817017
house,|México|Guanajuato|,"21.003574,-101.285683",,226869.1,21.003574,-101.285683
house,|México|Chiapas|,"19.667873,-101.233465",130.0,76395.4,19.667873,-101.233465
apartment,|México|Distrito Federal|,"19.443178,-99.144234",67.0,50052.15,19.443178,-99.144234
apartment,|México|Distrito Federal|,"19.396593,-99.133163",80.0,51076.22,19.396593,-99.133163
house,|México|Guanajuato|,"21.1299039,-101.6220159",263.0,152932.43,21.1299039,-101.6220159
house,|México|Nuevo León|,"25.625994,-100.283852",367.0,216014.58,25.625994,-100.283852
apartment,|México|Distrito Federal|,,60.0,34246.21,,-99.160149
apartment,|México|Distrito Federal|,"19.386959,-99.219492",120.0,100104.31,19.386959,-99.219492
house,|México|Veracruz de Ignacio de la Llave|,"20.949741,-97.396337",320.0,158059.45,20.949741,-97.396337
house,|México|Morelos|,"18.920345,-99.235603",122.0,103500.79,18.920345,-99.235603
apartment,|México|Guerrero|,"16.863794,-99.881614",191.0,237145.4,16.863794,-99.881614
house,|México|Veracruz de Ignacio de la Llave|,"19.136782,-96.123543",220.0,104319.23,19.136782,-96.123543
apartment,|México|Distrito Federal|,"19.403334,-99.145021",153.0,65633.66,19.403334,-99.145021
house,|México|Yucatán|,"21.0411724,-89.5550539",205.0,90115.25,21.0411724,-89.5550539
house,|México|Veracruz de Ignacio de la Llave|,,,110667.85,25.441315,
house,|México|Baja California|,"32.425724,-117.034189",115.0,62585.3,32.425724,-117.034189
house,|México|Estado de México|,"19.484794,-98.874065",260.0,91674.48,19.484794,-98.874065
apartment,|México|Distrito Federal|,"19.378533,-99.187561",107.0,79443.7,19.378533,-99.187561
house,|México|Nuevo León###|,"25.740887,-100.385582",192.0,115910.26,25.740887,-100.385582
house,|México|Chiapas|,"16.769737,-93.088928",106.0,52686.48,16.769737,-93.088928
house,|México|Jalisco|,"20.650429,-103.374611",,150192.08,20.650429,-103.374611
apartment,|México|,"19.387613,-99.202726",103.0,50942.31,19.387613,-99.202726
house,|México|Morelos|,"18.890867,-99.177444",171.0,105397.95,18.890867,-99.177444
apartment,|México|Quintana Roo|,"21.139086,-86.84964",203.0,189716.32,21.139086,-86.84964
apartment,|México|Distrito Federal|,"19.413079,-99.174228",140.0,273969.71,19.413079,-99.174228
house,|México|Distrito Federal|,"19.410826,-99.143757",160.0,157532.58,19.410826,-99.143757
house,|México|Morelos|,"18.900852,-99.213448",200.0,173865.39,18.900852,-99.213448
apartment,|México|Distrito Federal|,"19.428767,-99.1459",75.0,56689.55,19.428767,-99.1459
house,|México|Estado de México|,"19.595285,-99.050201",149.0,100104.31,19.595285,-99.050201
apartment,|México|Estado de México|,"19.531834,-99.240456",117.0,144922.18,19.531834,-99.240456
house,|México|,"18.818652,-98.936752",293.0,110667.85,18.818652,-98.936752
house,|México|Veracruz de Ignacio de la Llave|,"23.634501,-102.552788",233.0,99577.45,23.634501,-102.552788
house,|México|Quintana Roo|,"21.137991,-86.870964",280.0,92201.34,21.137991,-86.870964
house,|México|Veracruz de Ignacio de la Llave###|,"18.7696195,-95.758949",20241201.0,,18.7696195,-95.758949
house,|México|San Luis Potosí|,"22.169217188,-101.0471907892",190.0,99050.58,22.169217188,-101.0471907892
house,|México|Nuevo León|,"23.634501,-102.552788",,98523.72,23.634501,-102.552788
house,|México|Estado de México|,"19.101794,-98.87164",300.0,52686.48,19.101794,-98.87164
house,|México|Veracruz de Ignacio de la Llave|,"19.517859,-96.891403",180.0,123842.59,19.517859,-96.891403
house,|México|Distrito Federal|,"19.2790911,-99.2114234",,142253.5,19.2790911,-99.2114234
apartment,|México|Oaxaca|,"15.752900306,-96.1357247829",83.0,68245.17,15.752900306,-96.1357247829
apartment,|México|Distrito Federal|,"19.302422,-99.230829",104.0,103370.88,19.302422,-99.230829
house,|México|Distrito Federal|,"19.343664,-99.212308",350.0,242357.82,19.343664,-99.212308
apartment,|México|Guerrero|,"16.868438,-99.89028",100.0,79029.72,16.868438,-99.89028
house,|México|Morelos|,"18.93409,-99.254997",198.0,123813.23,18.93409,-99.254997
house,|México|Estado de México|,"19.534415,-99.023333",280.0,55039.77,19.534415,-99.023333
house,|México|Puebla|,"19.043223,-98.268716",168.0,92201.34,19.043223,-98.268716
apartment,|México|Puebla|,"19.0527224248,-98.2346042991",75.0,81683.41,19.0527224248,-98.2346042991
house,|México|Morelos|,,200.0,115910.26,,-99.206345
apartment,|México|Distrito Federal|,"19.395097,-99.150424",80.0,53158.13,19.395097,-99.150424
house,|México|Morelos|,"18.862602,-99.213448",305.0,189716.32,18.862602,-99.213448
other,|México|Jalisco|,"20.594334,-103.425086",,57955.13,20.594334,-103.425086
house,|México|Puebla|,"18.9915056,-98.2181614",152.0,105397.95,18.9915056,-98.2181614
apartment,|México|San Luis Potosí|,"22.125832,-101.035118",144.0,100128.05,22.125832,-101.035118
apartment,|México|Nuevo León|,"25.592172,-99.9961947",87.0,173490.81,25.592172,-99.9961947
house,|México|Estado de México|,"19.295469,-99.692619",84.0,49986.51,19.295469,-99.692619
house,|México|Guanajuato|,,90.0,55320.8,20.703063,
house,|México|Chiapas|,"19.670241,-101.190542",190.0,165962.42,19.670241,-101.190542
house,|México|Yucatán|,"20.9591553064,-89.627494812",135.0,89587.99,20.9591553064,-89.627494812
house,|México|Jalisco|,"20.635013,-103.42725",200.0,120652.04,20.635013,-103.42725
house,|México|,,260.0,158059.45,,-101.187927
apartment,|México|Tabasco|,"17.997911,-92.923836",125.0,210745.93,17.997911,-92.923836
apartment,|México|Estado de México|,"19.508253,-99.254997",113.0,153686.47,19.508253,-99.254997
apartment,|México|Morelos|,,6350.0,131747.44,18.937398,
apartment,|México|Baja California|,"32.486253,-117.054332",63.0,,32.486253,-117.054332
house,|México|Puebla|,"18.9802279987,-98.2865452766",272.0,210795.91,18.9802279987,-98.2865452766
house,|México|Querétaro|,"20.5969621,-100.3337597",95.0,52698.97,20.5969621,-100.3337597
house,|México|Yucatán|,"21.0181429,-89.6396127",180.0,72724.58,21.0181429,-89.6396127
house,|México|Chihuahua###|,"28.6275048,-106.0401387",212.0,44256.64,28.6275048,-106.0401387
house,|México|Querétaro|,"20.723525,-100.45586",248.0,151210.2,20.723525,-100.45586
house,|México|Querétaro|,"20.729762,-100.467159",198.0,131716.2,20.729762,-100.467159
house,|México|Veracruz de Ignacio de la Llave|,"18.7696195,-95.758949",245.0,147557.13,18.7696195,-95.758949
house,|México|Distrito Federal|,"19.410632,-99.13847",140.0,162801.23,19.410632,-99.13847
house,|México|Estado de México|,,158.0,86247.77,19.672207,
house,|México|Chihuahua|,"28.6103324259,-106.1123085022",200.0,134382.39,28.6103324259,-106.1123085022
house,|México|Baja California Sur|,"23.634501,-102.552788",100.0,44730.82,23.634501,-102.552788
apartment,|México|Tabasco|,"17.928942,-92.912029",67.0,35826.8,17.928942,-92.912029
house,|México|Jalisco|,"20.572651,-103.474675",270.0,250260.79,20.572651,-103.474675
house,|México|Veracruz de Ignacio de la Llave###|,"19.1553371,-96.1682507",282.0,,19.1553371,-96.1682507
house,|México|Veracruz de Ignacio de la Llave|,"20.957177,-97.410652",350.0,115910.26,20.957177,-97.410652
house,|México|Nuevo León|,"25.7815621,-100.1875974",108.0,35036.51,25.7815621,-100.1875974
house,|México|Yucatán|,"21.039522,-89.563911",162.0,83226.17,21.039522,-89.563911
house,|México|Querétaro|,"20.543838,-100.412211",145.0,,20.543838,-100.412211
house,|México|Veracruz de Ignacio de la Llave|,"19.1564195,-96.111619",190.0,124633.08,19.1564195,-96.111619
house,|México|Distrito Federal###|,"19.275725,-99.129684",80.0,,19.275725,-99.129684
house,|México|Morelos|,"18.90666,-98.965851",330.0,184402.69,18.90666,-98.965851
apartment,|México|Distrito Federal|,"19.342083,-99.0532159",83.0,,19.342083,-99.0532159
house,|México|Querétaro|,"20.570164,-100.363823",135.0,78521.47,20.570164,-100.363823
house,|México|Morelos|,"18.926468,-99.214211",340.0,289775.66,18.926468,-99.214211
apartment,|México|Distrito Federal|,,174.0,89430.16,,-99.178235
house,|México|Querétaro|,"20.5828187131,-100.417855382",93.0,59022.85,20.5828187131,-100.417855382
apartment,|México|Distrito Federal|,"19.427607,-99.160835",102.0,,19.427607,-99.160835
house,|México|Chiapas|,"16.770111,-93.08167",144.0,71126.75,16.770111,-93.08167
apartment,|México|Distrito Federal|,"19.460046,-99.140495",70.0,79029.72,19.460046,-99.140495
house,|México|Morelos|,"18.9015371,-98.9336558",200.0,123842.59,18.9015371,-98.9336558
house,|México|Chiapas|,"16.748295,-93.084284",7000.0,84298.37,16.748295,-93.084284
house,|México|Querétaro|,,123.0,85178.23,,-100.3933074
house,|México|Morelos|,"18.890867,-99.177444",150.0,,18.890867,-99.177444
house,|México|Estado de México|,"19.682383,-98.984458",74.0,33350.54,19.682383,-98.984458
house,|México|Querétaro|,"20.582091,-100.391196",300.0,237089.17,20.582091,-100.391196
apartment,|México|Puebla|,"19.0733273,-98.2658243",164.0,184446.42,19.0733273,-98.2658243
house,|México|,"21.161908,-86.8515279",220.0,136984.85,21.161908,-86.8515279
apartment,|México|Morelos|,"18.949474,-99.232381",129.0,137017.34,18.949474,-99.232381
house,|México|Morelos|,"18.795519,-99.231445",71.0,36353.67,18.795519,-99.231445
house,|México|Veracruz de Ignacio de la Llave|,"25.484016,-100.966568",290.0,115910.26,25.484016,-100.966568
house,|México|Querétaro|,"20.536322,-100.436844",,205477.28,20.536322,-100.436844
house,|México|Distrito Federal|,"19.343424,-99.135933",182.0,68492.42,19.343424,-99.135933
house,|México|Colima|,"19.274727,-103.74485",329.0,104343.97,19.274727,-103.74485
house,|México|Querétaro|,"20.5412697,-100.3997814",110.0,59022.85,20.5412697,-100.3997814
house,|México|Nuevo León|,"25.7296370244,-100.2941036224",310.0,237145.4,25.7296370244,-100.2941036224
other,|México|,"18.835054,-98.951226",250.0,68492.42,18.835054,-98.951226
apartment,|México|,"19.368475,-99.17952",81.0,149629.61,19.368475,-99.17952
house,|México|Distrito Federal|,"19.285891,-99.108269",210.0,85949.19,19.285891,-99.108269
apartment,|México|Distrito Federal|,"19.392302,-99.154385",150.0,222924.2,19.392302,-99.154385
house,|México|Distrito Federal|,"19.2925929444,-99.1806221008",96.0,138598.31,19.2925929444,-99.1806221008
house,|México|Querétaro|,"20.5426931,-100.4512523",260.0,122525.12,20.5426931,-100.4512523
house,|México|Veracruz de Ignacio de la Llave|,"19.0652948,-96.069905",239.0,,19.0652948,-96.069905
house,|México|Jalisco|,,,163328.09,,-103.464564
apartment,|México|Puebla|,"18.983398,-98.288951",192.0,121207.64,18.983398,-98.288951
house,|México|Chiapas|,"19.657836,-101.184317",260.0,68492.42,19.657836,-101.184317
house,|México|Yucatán|,"21.03071,-89.618103",126.0,77467.49,21.03071,-89.618103
house,|México|Chiapas|,,190.0,63223.78,19.710472,
house,|México|,"19.476202,-99.261893",230.0,289775.66,19.476202,-99.261893
house,|México|Chihuahua|,"28.663404,-106.133102",182.0,326733.66,28.663404,-106.133102
house,|México|Jalisco|,"20.726262,-103.468575",206.0,168596.74,20.726262,-103.468575
house,|México|Veracruz de Ignacio de la Llave|,"19.137135,-96.112946",125.0,60589.45,19.137135,-96.112946
house,|México|Estado de México|,"19.5224623443,-99.2515909641",210.0,202842.96,19.5224623443,-99.2515909641
other,|México|Querétaro|,"20.696185,-100.450005",132.0,93781.94,20.696185,-100.450005
house,|México|Hidalgo|,"20.092012,-98.741743",116.0,84087.62,20.092012,-98.741743
house,|México|,"32.601212,-115.474838",102.0,33982.78,32.601212,-115.474838
house,|México|Chiapas|,"16.765467,-93.105786",370.0,192305.66,16.765467,-93.105786
house,|México|Yucatán|,"21.039522,-89.563911",195.0,91632.19,21.039522,-89.563911
apartment,|México|Puebla|,"18.989942,-98.247486",100.0,55847.67,18.989942,-98.247486
house,|México|Veracruz de Ignacio de la Llave|,,130.0,68492.42,18.898756,
house,|México|Veracruz de Ignacio de la Llave|,"19.119549,-96.107643",232.0,125393.83,19.119549,-96.107643
house,|México|Distrito Federal|,"19.353288,-99.244721",90.0,136405.3,19.353288,-99.244721
house,|México|San Luis Potosí|,"22.1385005078,-100.9965722937",168.0,104319.23,22.1385005078,-100.9965722937
house,|México|Sonora|,"29.083198,-110.993222",162.0,57955.13,29.083198,-110.993222
house,|México|Puebla|,"19.044477,-98.328011",165.0,111331.75,19.044477,-98.328011
other,|México|Distrito Federal|,"19.510133,-99.100025",171.0,141199.77,19.510133,-99.100025
house,|México|Morelos|,"18.850763,-98.943855",168.0,67438.69,18.850763,-98.943855
house,|México|Nuevo León|,"25.758372724,-100.2713531256",98.0,43213.16,25.758372724,-100.2713531256
house,|México|Querétaro|,"20.726007,-100.442642",260.0,163328.09,20.726007,-100.442642
house,|México|Estado de México|,"19.5562275,-99.2674713",150.0,205526.01,19.5562275,-99.2674713
apartment,|México|Distrito Federal|,"19.345528,-99.189906",60.0,46943.65,19.345528,-99.189906
house,|México|Morelos###|,"18.935198,-99.232834",300.0,289775.66,18.935198,-99.232834
house,|México|Puebla|,"19.03362,-98.203294",156.0,99577.45,19.03362,-98.203294
house,|México|Estado de México|,"19.229864,-99.597954",256.0,184446.42,19.229864,-99.597954
house,|México|Yucatán|,"21.039522,-89.563911",330.0,171271.67,21.039522,-89.563911
house,|México|Morelos|,"18.936026,-99.216217",220.0,205477.28,18.936026,-99.216217
house,|México|Tabasco|,"18.053865,-92.937809",182.0,81664.04,18.053865,-92.937809
house,|México|Yucatán|,"20.9968241,-89.5846761",164.0,62711.78,20.9968241,-89.5846761
house,|México|Yucatán|,"20.984423,-89.579231",162.0,47417.83,20.984423,-89.579231
house,|México|Morelos|,"18.864874,-98.925911",,51369.32,18.864874,-98.925911
house,|México|Distrito Federal|,"19.40112,-99.06707",317.0,173906.62,19.40112,-99.06707
house,|México|Querétaro|,"20.705742,-100.444016",185.0,146995.28,20.705742,-100.444016
house,|México|Sinaloa|,"24.813503,-107.371574",220.0,184446.42,24.813503,-107.371574
apartment,|México|Morelos|,"18.935198,-99.232834",91.0,101182.03,18.935198,-99.232834
other,|México|Yucatán|,"21.012869,-89.636932",96.0,57705.38,21.012869,-89.636932
apartment,|México|Quintana Roo|,"21.1672703,-86.8414848",120.0,163366.83,21.1672703,-86.8414848
house,|México|Morelos|,"18.948607,-99.243812",180.0,184446.42,18.948607,-99.243812
house,|México|Morelos|,"18.95299,-99.259592",180.0,102738.64,18.95299,-99.259592
other,|México|Morelos###|,"18.8816687,-99.1632665",90.0,,18.8816687,-99.1632665
house,|México|Querétaro|,"20.5884382058,-100.4006266594",243.0,200208.63,20.5884382058,-100.4006266594
house,|México|Yucatán|,"20.9973786,-89.6296213",170.0,38470.25,20.9973786,-89.6296213
apartment,|México|Distrito Federal|,"19.33923,-99.218987",83.0,147522.15,19.33923,-99.218987
house,|México|Chiapas|,"16.766967,-93.123362",239.0,226551.88,16.766967,-93.123362
house,|México|Chihuahua|,"28.631689,-106.102234",200.0,115410.76,28.631689,-106.102234
house,|México|Querétaro|,"20.58966,-100.366899",335.0,250260.79,20.58966,-100.366899
other,|México|Morelos|,"18.862602,-99.213448",210.0,141990.07,18.862602,-99.213448
apartment,|México|Querétaro|,"20.59808,-100.337153",90.0,57428.26,20.59808,-100.337153
apartment,|México|Quintana Roo|,"21.1789333275,-86.8123199791",75.0,34254.33,21.1789333275,-86.8123199791
apartment,|México|Nuevo León|,"25.6689477,-100.3536491",117.0,,25.6689477,-100.3536491
house,|México|Guerrero|,"16.862803,-99.894829",,92750.2,16.862803,-99.894829
apartment,|México|Sinaloa|,"23.296583,-106.479973",134.0,173865.39,23.296583,-106.479973
house,|México|Yucatán|,"21.0012449,-89.5674103",133.0,76150.02,21.0012449,-89.5674103
house,|México|Estado de México|,"19.666832,-99.236992",69.0,44783.51,19.666832,-99.236992
house,|México|Nuevo León|,,101.0,210795.91,25.668703,
house,|México|Jalisco|,"20.663444,-103.426533",350.0,262115.25,20.663444,-103.426533
apartment,|México|Estado de México|,"19.521015,-99.23091",130.0,171231.07,19.521015,-99.23091
house,|México|Sinaloa|,"23.286216,-106.427007",180.0,86932.69,23.286216,-106.427007
house,|México|Estado de México|,"19.422676,-99.257774",200.0,70283.76,19.422676,-99.257774
other,|México|Estado de México|,"19.6378074,-99.1995969",254.0,171271.67,19.6378074,-99.1995969
house,|México|Hidalgo|,,279.0,131716.2,,-98.367993
house,|México|Morelos|,"18.850763,-98.943855",110.0,73234.21,18.850763,-98.943855
house,|México|Estado de México|,"19.300923,-99.713636",73.0,,19.300923,-99.713636
apartment,|México|Distrito Federal|,"19.444723,-99.186447",70.0,41680.96,19.444723,-99.186447
house,|México|,"19.403597,-99.149771",380.0,257531.53,19.403597,-99.149771
house,|México|Chiapas|,"19.66869,-101.205173",298.0,168069.88,19.66869,-101.205173
apartment,|México|Baja California|,"32.486292,-117.054763",63.0,36817.31,32.486292,-117.054763
apartment,|México|Jalisco|,"20.705671,-103.396278",180.0,237145.4,20.705671,-103.396278
house,|México|,"16.8583631,-99.8508616",354.0,266975.89,16.8583631,-99.8508616
apartment,|México|Veracruz de Ignacio de la Llave|,,76.0,84298.37,19.1005941575,
apartment,|México|Estado de México|,,75.0,105397.95,19.479437,
house,|México|Morelos|,"18.981213,-99.206345",240.0,183348.96,18.981213,-99.206345
house,|México|Querétaro|,"20.624242,-100.390194",172.0,86953.31,20.624242,-100.390194
apartment,|México|Estado de México|,"19.508253,-99.254997",20241201.0,153686.47,19.508253,-99.254997
house,|México|Estado de México|,,155.0,52159.61,19.533955,
apartment,|México|Distrito Federal|,"19.394073,-99.153915",82.0,154987.69,19.394073,-99.153915
house,|México|Morelos|,"18.878128,-99.187238",110.0,84298.37,18.878128,-99.187238
apartment,|México|Querétaro|,"20.5862687746,-100.3786790371",63.0,113302.8,20.5862687746,-100.3786790371
house,|México|Morelos|,"18.961286,-99.212621",60.0,34773.07,18.961286,-99.212621
house,|México|Querétaro|,,254.0,147557.13,20.628052,
house,|México|Campeche|,"18.660893,-91.7663706",264.0,172852.64,18.660893,-91.7663706
house,|México|Veracruz de Ignacio de la Llave|,"19.0652948,-96.069905",192.0,126477.54,19.0652948,-96.069905
house,|México|Tamaulipas|,"22.285725,-97.843597",72.0,35988.5,22.285725,-97.843597
apartment,|México|Distrito Federal###|,"19.305984,-99.127341",70.0,,19.305984,-99.127341
house,|México|Distrito Federal|,"19.361792,-99.190096",197.0,49999.47,19.361792,-99.190096
house,|México|San Luis Potosí|,"22.1877626295,-100.962767601",105.0,50517.24,22.1877626295,-100.962767601
apartment,|México|Querétaro|,"20.726007,-100.442642",105.0,93856.88,20.726007,-100.442642
apartment,|México|Distrito Federal|,"19.417636,-99.153292",70.0,41095.45,19.417636,-99.153292
house,|México|Veracruz de Ignacio de la Llave|,"19.570101,-96.918228",,42623.36,19.570101,-96.918228
house,|México|Morelos|,,97.0,50052.15,18.885313,
apartment,|México|San Luis Potosí|,"22.148722,-101.00119",129.0,92750.2,22.148722,-101.00119
house,|México|Puebla|,"18.985688,-98.230121",73.0,37670.83,18.985688,-98.230121
apartment,|México|Estado de México|,"19.427053,-99.256293",,313695.32,19.427053,-99.256293
apartment,|México|Distrito Federal|,"19.446256,-99.147767",68.0,,19.446256,-99.147767
house,|México|Nayarit|,"21.4581695,-104.8877876",220.0,165172.12,21.4581695,-104.8877876
apartment,|México|Distrito Federal|,,70.0,121178.91,,-99.240363
apartment,|México|Estado de México|,"19.379597,-99.293808",155.0,226551.88,19.379597,-99.293808
house,|México|San Luis Potosí|,"22.139618,-101.032422",354.0,208111.61,22.139618,-101.032422
house,|México|Estado de México|,"19.552184,-99.251489",80.0,127880.63,19.552184,-99.251489
apartment,|México|Querétaro|,"20.5365909,-100.4411011",80.0,44794.13,20.5365909,-100.4411011
apartment,|México|Distrito Federal|,,133.0,,,-99.140207
house,|México|Estado de México|,"19.54235,-99.19195",192.0,125920.69,19.54235,-99.19195
apartment,|México|Distrito Federal|,"19.377404,-99.193301",80.0,91411.04,19.377404,-99.193301
apartment,|México|Guerrero|,"16.858816,-99.857628",185.0,157917.19,16.858816,-99.857628
house,|México|Sinaloa|,"23.231522,-106.382439",211.0,81137.18,23.231522,-106.382439
house,|México|Yucatán|,"21.006756,-89.570984",250.0,105397.95,21.006756,-89.570984
apartment,|México|Guerrero|,"16.850374,-99.850166",145.0,81664.04,16.850374,-99.850166
house,|México|Veracruz de Ignacio de la Llave|,,180.0,110667.85,18.141083,
house,|México|Puebla|,"18.989918,-98.2295",299.0,231820.52,18.989918,-98.2295
house,|México|Veracruz de Ignacio de la Llave|,"25.540674,-103.393252",140.0,47417.83,25.540674,-103.393252
house,|México|Yucatán|,,240.0,138058.14,21.039522,
apartment,|México|Distrito Federal|,"19.336697,-99.152534",102.0,187081.37,19.336697,-99.152534
house,|México|Querétaro|,"20.697427,-100.444385",187.0,134350.53,20.697427,-100.444385
apartment,|México|Distrito Federal|,"19.451872,-99.173522",70.0,66911.83,19.451872,-99.173522
house,|México|Estado de México|,"19.262129,-99.602481",239.0,132769.93,19.262129,-99.602481
apartment,|México|Distrito Federal|,"19.2790911,-99.2114234",72.0,40645.77,19.2790911,-99.2114234
house,|México|Jalisco###|,"20.647398,-105.209682",84.0,65858.1,20.647398,-105.209682
house,|México|Tabasco|,,151.0,237145.4,,-102.552788
house,|México|Querétaro|,"20.5887932,-100.3898881",177.0,,20.5887932,-100.3898881
apartment,|México|Puebla|,"19.028651,-98.258029",116.0,171231.07,19.028651,-98.258029
apartment,|México|Distrito Federal|,"19.493713,-99.204941",,38812.39,19.493713,-99.204941
house,|México|Veracruz de Ignacio de la Llave|,"19.11819,-96.107956",181.0,129112.49,19.11819,-96.107956
house,|México|Veracruz de Ignacio de la Llave|,"18.147928788,-94.4772926867",175.0,115937.75,18.147928788,-94.4772926867
other,|México|Estado de México|,"19.4907003,-99.2553635",370.0,316193.86,19.4907003,-99.2553635
apartment,|México|Nuevo León|,"25.672309,-100.374119",73.0,106110.57,25.672309,-100.374119
other,|México|Estado de México|,"19.542509,-99.218987",220.0,150156.47,19.542509,-99.218987
house,|México|Chiapas|,"19.671952,-101.175638",235.0,171231.07,19.671952,-101.175638
house,|México|Colima|,"19.297108,-103.737602",176.0,62170.05,19.297108,-103.737602
other,|México|Baja California|,"32.421957,-117.033513",170.0,,32.421957,-117.033513
house,|México|Morelos|,"18.855343,-99.241142",3650.0,36783.88,18.855343,-99.241142
house,|México|Morelos|,"18.939657,-99.20237",,189716.32,18.939657,-99.20237
house,|México|Distrito Federal|,"19.345431,-99.209949",200.0,228450.07,19.345431,-99.209949
house,|México|Nuevo León###|,"25.660103,-100.410858",127.0,131747.44,25.660103,-100.410858
house,|México|Estado de México|,"19.564925,-99.218415",110.0,143834.1,19.564925,-99.218415
house,|México|Nuevo León|,"25.652299,-100.266174",281.0,152790.8,25.652299,-100.266174
other,|México|Distrito Federal|,,75.0,34421.81,,-99.121497
apartment,|México|Guerrero|,"16.869995,-99.869568",72.0,48471.56,16.869995,-99.869568
house,|México|Chiapas|,"16.768602,-93.164162",185.0,,16.768602,-93.164162
house,|México|Hidalgo|,"23.634501,-102.552788",120.0,63223.78,23.634501,-102.552788
house,|México|Estado de México|,"19.317622,-99.607241",200.0,158059.45,19.317622,-99.607241
house,|México|,"16.850374,-99.850166",,115937.75,16.850374,-99.850166
apartment,|México|Yucatán|,"21.0306572,-89.5945502",144.0,79048.46,21.0306572,-89.5945502
house,|México|Distrito Federal|,"19.359798,-99.161675",90.0,131716.2,19.359798,-99.161675
house,|México|Distrito Federal|,"19.3434226,-99.1359301",182.0,68492.42,19.3434226,-99.1359301
other,|México|Distrito Federal|,"19.4503249,-99.1351802",91.0,79029.72,19.4503249,-99.1351802
house,|México|Tamaulipas|,"22.3918646281,-97.9089224339",76.0,35826.8,22.3918646281,-97.9089224339
apartment,|México|Distrito Federal|,"19.307417,-99.125191",75.0,36882.11,19.307417,-99.125191
house,|México|,"24.0277202,-104.6531759",245.0,,24.0277202,-104.6531759
apartment,|México|Estado de México|,"19.374843,-99.293871",120.0,59711.33,19.374843,-99.293871
apartment,|México|San Luis Potosí###|,"22.1352302,-101.0266343",140.0,73234.21,22.1352302,-101.0266343
house,|México|Veracruz de Ignacio de la Llave|,"25.577366,-103.437088",348.0,155425.12,25.577366,-103.437088
house,|México|Veracruz de Ignacio de la Llave|,"19.517859,-96.891403",300.0,142253.5,19.517859,-96.891403
house,|México|Querétaro|,"20.605692,-100.38488",290.0,208111.61,20.605692,-100.38488
house,|México|San Luis Potosí|,"22.158050728,-100.9284004569",180.0,50064.02,22.158050728,-100.9284004569
house,|México|Morelos|,"18.847519,-99.220529",162.0,89567.02,18.847519,-99.220529
house,|México|Veracruz de Ignacio de la Llave|,"19.119549,-96.107643",190.0,94331.17,19.119549,-96.107643
house,|México|Distrito Federal|,,300.0,207057.88,19.301835,
house,|México|Chiapas|,"16.756552,-93.181732",215.0,163366.83,16.756552,-93.181732
house,|México|Morelos|,"18.813505,-98.953514",80.0,34246.21,18.813505,-98.953514
house,|México|Campeche|,"19.8301251,-90.5349087",160.0,115937.75,19.8301251,-90.5349087
house,|México|Querétaro###|,"20.592563,-100.371039",271.0,179134.04,20.592563,-100.371039
house,|México|Hidalgo|,"20.044181,-99.34648",169.0,,20.044181,-99.34648
apartment,|México|Distrito Federal|,"19.396893,-99.152302",80.0,85899.33,19.396893,-99.152302
house,|México|Jalisco|,"20.615292,-103.312843",230.0,131716.2,20.615292,-103.312843
house,|México|Guanajuato|,,167.0,68492.42,,-101.679077
house,|México|Yucatán|,,349.0,200256.11,,-89.600513
house,|México|Distrito Federal|,"19.33981,-99.216052",272.0,260798.09,19.33981,-99.216052
other,|México|Nuevo León|,"25.6773984,-100.3940095",347.0,292796.2,25.6773984,-100.3940095
house,|México|Yucatán|,"21.0344135,-89.5978127",305.0,194986.21,21.0344135,-89.5978127
house,|México|Morelos|,"18.936026,-99.216217",270.0,255590.04,18.936026,-99.216217
house,|México|Querétaro|,"20.607178,-100.335754",75.0,35563.37,20.607178,-100.335754
house,|México|Estado de México|,"19.470298,-99.272488",218.0,255529.44,19.470298,-99.272488
house,|México|Estado de México|,"19.522923,-99.241837",340.0,250260.79,19.522923,-99.241837
other,|México|Querétaro###|,"20.570164,-100.363823",170.0,123842.59,20.570164,-100.363823
house,|México|Veracruz de Ignacio de la Llave|,,240.0,115937.75,,-94.4396674633
house,|México|Distrito Federal|,"19.399741,-99.115503",,57287.8,19.399741,-99.115503
house,|México|Distrito Federal|,"19.282308,-99.126869",130.0,119651.0,19.282308,-99.126869
apartment,|México|Estado de México|,"19.634604,-99.088905",,34245.11,19.634604,-99.088905
house,|México|Morelos|,"18.904448,-99.242474",106.0,105372.96,18.904448,-99.242474
house,|México|Distrito Federal|,,278.0,183875.82,19.456544,
house,|México|Querétaro|,"20.726007,-100.442642",285.0,231875.5,20.726007,-100.442642
house,|México|Querétaro|,"20.548123,-100.436245",,200208.63,20.548123,-100.436245
apartment,|México|Distrito Federal|,"19.396705,-99.181902",85.0,76740.25,19.396705,-99.181902
house,|México|Querétaro|,"20.6543981,-100.3546346",137.0,,20.6543981,-100.3546346
house,|México|Chiapas|,"16.766762,-93.148401",160.0,154371.39,16.766762,-93.148401
house,|México|Morelos|,,94.0,55333.92,,-99.266083
house,|México|Nuevo León|,"25.696475,-100.345717",220.0,165962.42,25.696475,-100.345717
apartment,|México|Distrito Federal|,"19.270165,-99.152404",20241201.0,131400.09,19.270165,-99.152404
house,|México|Guerrero|,"23.634501,-102.552788",100.0,50052.15,23.634501,-102.552788
apartment,|México|Distrito Federal|,"19.39912,-99.141464",92.0,142253.5,19.39912,-99.141464
house,|México|Estado de México|,"19.229864,-99.597954",270.0,231820.52,19.229864,-99.597954
apartment,|México|Distrito Federal|,"19.376589,-99.153107",107.0,215482.45,19.376589,-99.153107
house,|México|Yucatán|,"21.072905,-89.65963",280.0,110351.66,21.072905,-89.65963
other,|México|Puebla|,"19.044477,-98.328011",17500.0,226551.88,19.044477,-98.328011
apartment,|México|Estado de México|,"19.6494549,-99.2023662",69.0,38461.13,19.6494549,-99.2023662
apartment,|México|Estado de México###|,,60.0,39146.05,,-99.233148
house,|México|Tabasco|,"17.999552,-92.950018",,115910.26,17.999552,-92.950018
house,|México|Puebla|,"19.1090862,-98.3289824",160.0,84318.36,19.1090862,-98.3289824
house,|México|Morelos|,"18.910368,-99.1996",200.0,129081.88,18.910368,-99.1996
house,|México|Jalisco|,"20.775549,-103.691269",300.0,134350.53,20.775549,-103.691269
house,|México|Nuevo León|,"25.7671943,-100.2575589",150.0,35308.31,25.7671943,-100.2575589
house,|México|Baja California Sur###|,"24.168865,-110.306996",330.0,,24.168865,-110.306996
house,|México|,"32.457415,-116.88252",102.0,61643.18,32.457415,-116.88252
house,|México|Querétaro|,"20.726007,-100.442642",200.0,121705.77,20.726007,-100.442642
apartment,|México|Oaxaca|,"17.0588513685,-96.749432981",94.0,51118.0,17.0588513685,-96.749432981
house,|México|Estado de México|,"19.550762,-99.242156",160.0,,19.550762,-99.242156
house,|México|Yucatán|,"21.0412206815,-89.5549756587",174.0,82842.79,21.0412206815,-89.5549756587
other,|México|Distrito Federal|,"19.373161,-99.130394",69.0,84298.37,19.373161,-99.130394
house,|México|Morelos|,"18.917542,-98.963181",210.0,118572.7,18.917542,-98.963181
apartment,|México|Nuevo León###|,"25.657194,-100.340521",110.0,262378.68,25.657194,-100.340521
house,|México|Morelos|,"18.94542,-99.223195",380.0,289775.66,18.94542,-99.223195
house,|México|Querétaro|,"20.6113606,-100.3288581",132.0,86953.31,20.6113606,-100.3288581
house,|México|Chiapas|,"16.773806,-93.096295",165.0,71126.75,16.773806,-93.096295
house,|México|Distrito Federal|,"19.493973,-99.130394",300.0,179239.41,19.493973,-99.130394
apartment,|México|Quintana Roo|,"20.626583,-87.078659",145.0,115437.11,20.626583,-87.078659
apartment,|México|Nuevo León|,"25.651072,-100.342773",126.0,175924.99,25.651072,-100.342773
house,|México|Distrito Federal|,"19.362795,-99.218987",80.0,46715.31,19.362795,-99.218987
house,|México|Querétaro|,"20.631845,-100.390495",180.0,118572.7,20.631845,-100.390495
house,|México|Nuevo León|,"25.637247,-100.382774",194.0,76395.4,25.637247,-100.382774
house,|México|Quintana Roo|,"21.138567,-86.842937",185.0,97469.99,21.138567,-86.842937
house,|México|Guerrero|,"16.874741,-99.889244",300.0,98787.15,16.874741,-99.889244
apartment,|México|Distrito Federal|,"19.395097,-99.150424",80.0,53158.18,19.395097,-99.150424
apartment,|México|Distrito Federal|,"19.478815,-99.196831",64.0,76395.4,19.478815,-99.196831
house,|México|Veracruz de Ignacio de la Llave|,"19.554081,-96.911522",95.0,38461.13,19.554081,-96.911522
house,|México|Tamaulipas|,"22.276130897,-97.8784418106",232.0,139652.29,22.276130897,-97.8784418106
house,|México|Morelos|,"18.9611008,-99.2684274",192.0,173906.62,18.9611008,-99.2684274
apartment,|México|Distrito Federal|,"19.51918,-99.143403",60.0,34983.82,19.51918,-99.143403
apartment,|México|Yucatán|,"21.03071,-89.618103",131.0,,21.03071,-89.618103
house,|México|,"19.671921,-101.197362",240.0,97469.99,19.671921,-101.197362
house,|México|Estado de México|,"19.514929,-99.2542064",356.0,288721.93,19.514929,-99.2542064
house,|México|Estado de México|,"19.295469,-99.692619",150.0,57968.87,19.295469,-99.692619
house,|México|Estado de México###|,"19.488134,-99.230759",110.0,138934.25,19.488134,-99.230759
apartment,|México|Distrito Federal|,"19.326108,-99.122758",70.0,49273.54,19.326108,-99.122758
house,|México|Sonora|,"29.105133,-110.943916",17850.0,210745.93,29.105133,-110.943916
house,|México|Chiapas|,"19.711031,-101.245743",256.0,60603.82,19.711031,-101.245743
house,|México|Nuevo León|,"25.5883667,-100.2430415",300.0,162393.9,25.5883667,-100.2430415
house,|México|Baja California Sur|,"24.155968,-110.315987",204.0,135963.36,24.155968,-110.315987
house,|México|Distrito Federal|,"19.483263,-99.186297",190.0,102369.83,19.483263,-99.186297
house,|México|Estado de México|,"19.404718,-99.263313",139.0,252895.12,19.404718,-99.263313
house,|México|Chihuahua|,"28.678531,-106.040439",115.0,46890.97,28.678531,-106.040439
house,|México|nan###|,"21.0064261,-89.6850751",90.0,,21.0064261,-89.6850751
apartment,|México|,"23.634501,-102.552788",85.0,94835.67,23.634501,-102.552788
house,|México|Estado de México|,"19.580685,-99.047432",70.0,34254.33,19.580685,-99.047432
house,|México|Querétaro|,"20.571299,-100.383032",90.0,37353.34,20.571299,-100.383032
house,|México|Yucatán|,"20.9904342,-89.6004394",200.0,79029.72,20.9904342,-89.6004394
house,|México|Morelos|,"18.953518,-99.272508",300.0,147522.15,18.953518,-99.272508
house,|México|Nuevo León|,"25.686357,-100.376106",380.0,200256.11,25.686357,-100.376106
house,|México|Baja California|,"32.494759,-117.016926",92.0,51632.75,32.494759,-117.016926
house,|México|Jalisco|,,290.0,152790.8,20.7540020174,
house,|México|Estado de México###|,"19.562864,-99.064713",90.0,52686.48,19.562864,-99.064713
house,|México|Querétaro|,"20.5285264774,-99.88301754",136.0,79048.46,20.5285264774,-99.88301754
apartment,|México|San Luis Potosí|,"22.133745,-101.016029",174.0,143868.21,22.133745,-101.016029
apartment,|México|Distrito Federal|,"19.299864,-99.111133",65.0,135225.12,19.299864,-99.111133
house,|México|Estado de México|,"19.493069,-99.060346",343.0,191620.74,19.493069,-99.060346
house,|México|Querétaro|,,176.0,110140.86,20.6536084,
apartment,|México|Distrito Federal|,"19.384724,-99.145619",145.0,123813.23,19.384724,-99.145619
house,|México|Jalisco|,"20.883594,-103.839896",100.0,184402.69,20.883594,-103.839896
house,|México|Nuevo León|,"25.6866142,-100.3161126",90.0,242357.82,25.6866142,-100.3161126
house,|México|Morelos|,"18.804197,-98.932816",140.0,51632.75,18.804197,-98.932816
house,|México|Querétaro|,"20.7047931,-100.4462718",250.0,150192.08,20.7047931,-100.4462718
house,|México|Estado de México###|,"19.589786878,-99.0521619915",80.0,36889.28,19.589786878,-99.0521619915
house,|México|,"18.972588,-98.282691",202.0,150894.08,18.972588,-98.282691
house,|México|Nuevo León|,"25.530777,-100.2071",299.0,194939.99,25.530777,-100.2071
house,|México|Querétaro|,"20.593385,-100.361619",100.0,115910.26,20.593385,-100.361619
house,|México|Puebla|,"19.017727,-98.316376",182.0,108559.89,19.017727,-98.316376
apartment,|México|Distrito Federal|,"19.454332,-99.200287",62.0,50591.01,19.454332,-99.200287
house,|México|Quintana Roo|,"21.139086,-86.84964",200.0,158096.93,21.139086,-86.84964
house,|México|,"19.2030655,-99.5478784",106.0,38724.56,19.2030655,-99.5478784
house,|México|Sinaloa|,"23.290356,-106.426237",150.0,93781.94,23.290356,-106.426237
house,|México|Colima|,"19.277207,-103.734973",161.0,52633.79,19.277207,-103.734973
house,|México|Nuevo León|,"25.7393693814,-100.2269947529",266.0,144700.85,25.7393693814,-100.2269947529
house,|México|Morelos|,"18.901708,-99.237779",250.0,242357.82,18.901708,-99.237779
apartment,|México|Distrito Federal|,"19.368808,-99.112954",83.0,115910.26,19.368808,-99.112954
house,|México|Yucatán|,"21.0369774162,-89.6034273505",,126214.05,21.0369774162,-89.6034273505
house,|México|Morelos|,"23.634501,-102.552788",270.0,229186.2,23.634501,-102.552788
apartment,|México|Distrito Federal|,"19.38342,-99.086604",88.0,100104.31,19.38342,-99.086604
house,|México|Morelos|,"18.93409,-99.254997",145.0,102738.64,18.93409,-99.254997
house,|México|Distrito Federal|,"19.380834,-99.200764",350.0,161258.87,19.380834,-99.200764
house,|México|Morelos|,,68.0,43202.91,18.886955,
house,|México|,"25.679226,-100.344032",210.0,155425.12,25.679226,-100.344032
apartment,|México|Distrito Federal|,"19.413009,-99.17109",127.0,289775.66,19.413009,-99.17109
apartment,|México|Distrito Federal|,"19.410215,-99.14595",70.0,44048.85,19.410215,-99.14595
apartment,|México|Distrito Federal|,"19.367424,-99.185753",82.0,154898.26,19.367424,-99.185753
house,|México|San Luis Potosí|,"22.0951835008,-100.87474823",172.0,50157.53,22.0951835008,-100.87474823
apartment,|México|Distrito Federal|,"19.298168,-99.113106",83.0,177695.7,19.298168,-99.113106
apartment,|México|Estado de México|,"19.5652097,-99.2646998",87.0,84318.36,19.5652097,-99.2646998
other,|México|Estado de México|,"19.5527338,-99.2494583",200.0,92223.21,19.5527338,-99.2494583
house,|México|Yucatán|,"21.0634817,-89.6110378",235.0,146995.28,21.0634817,-89.6110378
house,|México|Tamaulipas|,"22.285725,-97.843597",218.0,118572.7,22.285725,-97.843597
house,|México|Querétaro|,"20.5230129,-100.4302641",184.0,93804.18,20.5230129,-100.4302641
apartment,|México|Distrito Federal|,"19.440043,-99.176894",79.0,137017.34,19.440043,-99.176894
house,|México|Veracruz de Ignacio de la Llave|,,293.0,158059.45,25.439536,
other,|México|San Luis Potosí|,"22.144705,-101.04092",144.0,90620.75,22.144705,-101.04092
house,|México|Yucatán|,"20.9959805028,-89.6128177643",374.0,247421.7,20.9959805028,-89.6128177643
house,|México|Tamaulipas|,"22.3286560021,-97.8898514392",140.0,73778.56,22.3286560021,-97.8898514392
house,|México|Morelos|,"18.858107,-99.200287",92.0,64556.24,18.858107,-99.200287
house,|México|,"19.0530826,-96.0588921",200.0,108007.29,19.0530826,-96.0588921
house,|México|Morelos|,,80.0,44783.51,18.883513,
house,|México|Morelos|,"18.933414,-99.194748",250.0,292900.92,18.933414,-99.194748
house,|México|Morelos|,"18.935198,-99.232834",180.0,168596.74,18.935198,-99.232834
house,|México|Nuevo León|,"25.7385463,-100.3184093",254.0,139652.29,25.7385463,-100.3184093
apartment,|México|Distrito Federal|,"19.41275,-99.126007",60.0,35890.24,19.41275,-99.126007
apartment,|México|,"19.364891,-99.148384",78.0,150830.86,19.364891,-99.148384
house,|México|Estado de México|,"19.272732,-99.453377",126.0,68492.42,19.272732,-99.453377
house,|México|,,350.0,210745.93,,-99.254997
house,|México|Querétaro###|,"20.5535753,-100.4222725",156.0,,20.5535753,-100.4222725
house,|México|Querétaro|,"20.572051,-100.406716",227.0,125920.69,20.572051,-100.406716
house,|México|Baja California|,"32.457469,-116.882435",102.0,61643.18,32.457469,-116.882435
house,|México|Distrito Federal|,"19.353373,-99.1138",160.0,106127.01,19.353373,-99.1138
house,|México|Yucatán|,"21.039522,-89.563911",270.0,164947.8,21.039522,-89.563911
house,|México|Jalisco|,,204.0,94835.67,,-103.1944627
house,|México|Querétaro|,"20.379178,-99.966431",80.0,34246.21,20.379178,-99.966431
other,|México|Morelos|,"18.804409,-98.959038",130.0,,18.804409,-98.959038
house,|México|Guanajuato|,"20.5958037462,-101.186433658",195.0,94858.16,20.5958037462,-101.186433658
house,|México|Tamaulipas|,"22.272678,-97.883728",350.0,237145.4,22.272678,-97.883728
house,|México|Tamaulipas|,,109.0,45848.11,,-97.89325
house,|México|Morelos|,"18.808657,-99.203751",67.0,34254.33,18.808657,-99.203751
house,|México|Jalisco|,"20.712604,-103.391146",361.0,194939.99,20.712604,-103.391146
house,|México|Nuevo León|,"25.6626225,-100.3688142",311.0,240884.28,25.6626225,-100.3688142
house,|México|Puebla|,"19.059084,-98.286095",243.0,101445.53,19.059084,-98.286095
house,|México|Aguascalientes|,"21.89658,-102.316322",245.0,78502.86,21.89658,-102.316322
house,|México|Campeche|,"19.8308743,-90.5359003",180.0,76413.51,19.8308743,-90.5359003
house,|México|Estado de México|,"19.491798,-99.262423",150.0,168596.74,19.491798,-99.262423
house,|México|Distrito Federal|,"19.508428,-99.125896",150.0,45057.62,19.508428,-99.125896
house,|México|Chihuahua|,"28.70466,-106.089596",78.0,51632.75,28.70466,-106.089596
apartment,|México|Distrito Federal|,"19.454332,-99.200287",90.0,53832.41,19.454332,-99.200287
house,|México|Puebla|,"19.077675,-98.225566",175.0,118544.58,19.077675,-98.225566
other,|México|Morelos|,"23.634501,-102.552788",160.0,99577.45,23.634501,-102.552788
house,|México|Morelos|,"18.922282,-99.04435",70.0,,18.922282,-99.04435
house,|México|Chiapas|,,140.0,73778.56,16.742777,
house,|México|Veracruz de Ignacio de la Llave|,"20.945961,-97.389905",200.0,289775.66,20.945961,-97.389905
house,|México|San Luis Potosí|,"22.193162,-101.005431",,39514.86,22.193162,-101.005431
apartment,|México|Veracruz de Ignacio de la Llave|,"19.119549,-96.107643",93.0,76413.51,19.119549,-96.107643
house,|México|Estado de México|,"19.4953683665,-99.2584598064",140.0,68508.67,19.4953683665,-99.2584598064
house,|México|Quintana Roo|,"21.139641,-86.879738",100.0,36880.53,21.139641,-86.879738
house,|México|Querétaro|,"20.659601,-100.442467",,274034.68,20.659601,-100.442467
house,|México|Yucatán|,"21.3103259143,-89.248380661",325.0,187081.37,21.3103259143,-89.248380661
apartment,|México|Distrito Federal|,"19.393257,-99.157113",100.0,71653.61,19.393257,-99.157113
house,|México|Yucatán|,"21.072905,-89.65963",190.0,97493.1,21.072905,-89.65963
house,|México|Veracruz de Ignacio de la Llave|,"20.9475017,-97.3631926",20241201.0,67860.19,20.9475017,-97.3631926
house,|México|Nuevo León|,"25.721457,-100.228301",190.0,88513.29,25.721457,-100.228301
house,|México|Estado de México|,"19.406092,-99.011968",177.0,80083.45,19.406092,-99.011968
house,|México|San Luis Potosí|,"22.125832,-101.035118",197.0,147557.13,22.125832,-101.035118
house,|México|Yucatán|,"21.023252,-89.614571",,150192.08,21.023252,-89.614571
house,|México|Estado de México|,"19.31673,-99.581169",80.0,47944.7,19.31673,-99.581169
house,|México|Querétaro|,,82.0,36248.3,,-100.479441
house,|México|Estado de México|,"19.7100885,-98.9659399",99.0,75783.82,19.7100885,-98.9659399
apartment,|México|Distrito Federal|,"19.462951,-99.125888",208.0,131716.2,19.462951,-99.125888
house,|México|Yucatán|,"21.072905,-89.65963",290.0,126477.54,21.072905,-89.65963
house,|México|Tamaulipas|,"22.3140373,-97.8800254",178.0,51644.99,22.3140373,-97.8800254
house,|México|Jalisco|,"20.547053,-103.47907",340.0,262440.91,20.547053,-103.47907
house,|México|Tlaxcala|,"19.308845,-98.214439",85.0,35826.8,19.308845,-98.214439
apartment,|México|Chiapas|,"16.745515,-93.15228",102.0,46364.1,16.745515,-93.15228
house,|México|Chiapas|,"19.704245,-101.165592",150.0,94835.67,19.704245,-101.165592
house,|México|Veracruz de Ignacio de la Llave|,"25.525183,-103.377502",104.0,33192.48,25.525183,-103.377502
other,|México|San Luis Potosí|,"22.136711,-101.041163",270.0,163328.09,22.136711,-101.041163
apartment,|México|Yucatán|,"21.039522,-89.563911",119.0,115814.11,21.039522,-89.563911
house,|México|Estado de México|,"18.831146,-99.675944",125.0,73761.07,18.831146,-99.675944
house,|México|Querétaro|,"20.558271,-100.42942",139.0,97469.99,20.558271,-100.42942
other,|México|Guanajuato|,"21.178095,-101.708252",360.0,178607.18,21.178095,-101.708252
apartment,|México|Distrito Federal|,"19.403794,-99.155899",70.0,54235.15,19.403794,-99.155899
house,|México|Querétaro|,"20.543869,-100.414032",150.0,51105.88,20.543869,-100.414032
apartment,|México|,"19.343424,-99.135933",84.0,115910.26,19.343424,-99.135933
house,|México|Veracruz de Ignacio de la Llave|,"19.532236,-96.94104",180.0,79029.72,19.532236,-96.94104
house,|México|Jalisco|,"20.755376,-103.39302",120.0,71143.62,20.755376,-103.39302
apartment,|México|Yucatán|,"21.008295,-89.591019",,91169.23,21.008295,-89.591019
apartment,|México|Distrito Federal|,"19.382649,-99.143384",65.0,44178.77,19.382649,-99.143384
house,|México|Distrito Federal|,"23.634501,-102.552788",200.0,152790.8,23.634501,-102.552788
house,|México|Tamaulipas|,"22.268972,-97.860939",200.0,121207.64,22.268972,-97.860939
house,|México|Guerrero|,"16.856389,-99.913115",131.0,,16.856389,-99.913115
house,|México|Veracruz de Ignacio de la Llave|,"19.1279472004,-96.1076366901",200.0,104319.23,19.1279472004,-96.1076366901
apartment,|México|Puebla|,"19.076612,-98.236336",93.0,57884.47,19.076612,-98.236336
other,|México|Querétaro|,"20.391528,-99.981438",202.0,121207.64,20.391528,-99.981438
house,|México|Quintana Roo|,"21.1661723,-86.8251719",370.0,200256.11,21.1661723,-86.8251719
house,|México|Baja California|,"32.46906,-116.81963",86.0,52605.29,32.46906,-116.81963
apartment,|México|Yucatán|,"21.0634817,-89.6110378",63.0,44794.13,21.0634817,-89.6110378
apartment,|México|Baja California|,"23.634501,-102.552788",95.0,84313.09,23.634501,-102.552788
house,|México|Querétaro###|,,290.0,236091.42,20.745667,
apartment,|México|Tamaulipas|,,128.0,,,-97.866714
house,|México|Puebla|,,120.0,,,-98.248372
house,|México|Morelos|,"18.969536,-99.215979",180.0,81664.04,18.969536,-99.215979
house,|México|Estado de México|,"19.300028,-99.566057",198.0,53666.55,19.300028,-99.566057
house,|México|Yucatán|,"20.999418,-89.619278",377.0,224339.55,20.999418,-89.619278
apartment,|México|Distrito Federal|,"19.401507,-99.14682",92.0,67438.69,19.401507,-99.14682
house,|México|Estado de México|,"19.663315,-99.103287",100.0,80083.45,19.663315,-99.103287
apartment,|México|Yucatán|,"21.030668,-89.599258",82.0,62696.91,21.030668,-89.599258
house,|México|Colima|,"19.255166,-103.680325",105.0,46627.53,19.255166,-103.680325
house,|México|Morelos|,"18.743973,-99.254183",79.0,42941.43,18.743973,-99.254183
house,|México|Yucatán|,"21.037875,-89.648252",123.0,41095.45,21.037875,-89.648252
apartment,|México|Quintana Roo|,,,80015.91,,-86.8515973089
house,|México|Morelos|,"18.951663,-99.218298",,263432.41,18.951663,-99.218298
apartment,|México|Distrito Federal|,"19.381078,-99.186714",70.0,85668.22,19.381078,-99.186714
house,|México|Sinaloa|,"24.8225157463,-107.4352383614",105.0,55847.67,24.8225157463,-107.4352383614
other,|México|Estado de México|,"19.522923,-99.241837",200.0,229240.55,19.522923,-99.241837
house,|México|Querétaro|,"20.693433,-100.446219",160.0,121178.91,20.693433,-100.446219
house,|México|Estado de México|,"19.545727,-99.039146",133.0,67438.69,19.545727,-99.039146
house,|México|Chihuahua|,"28.672886,-106.09304",250.0,63238.77,28.672886,-106.09304
house,|México|Guanajuato|,"20.9144491,-100.745235",100.0,127584.22,20.9144491,-100.745235
house,|México|Puebla|,,113.0,57955.13,,-102.552788
house,|México|Querétaro|,,130.0,,20.618279,
house,|México|San Luis Potosí|,"22.193523,-101.0019",211.0,165467.83,22.193523,-101.0019
house,|México|Yucatán|,"21.030771,-89.646347",200.0,77994.48,21.030771,-89.646347
apartment,|México|Chiapas|,,,52686.48,16.747116,
house,|México|Estado de México|,"19.276849,-99.546473",179.0,94203.43,19.276849,-99.546473
house,|México|Quintana Roo|,"21.082655,-86.857162",251.0,187037.01,21.082655,-86.857162
house,|México|Distrito Federal|,"19.3845016369,-99.0904824436",115.0,81683.41,19.3845016369,-99.0904824436
apartment,|México|Distrito Federal|,"19.446829,-99.159454",65.0,163064.66,19.446829,-99.159454
house,|México|Yucatán|,"20.99947,-89.642815",169.0,55333.92,20.99947,-89.642815
house,|México|Aguascalientes|,"21.99782,-102.191307",350.0,193359.39,21.99782,-102.191307
house,|México|,"25.714615,-100.230576",309.0,158096.93,25.714615,-100.230576
house,|México|Estado de México|,"19.286575,-99.597733",200.0,72865.4,19.286575,-99.597733
house,|México|Durango|,"24.024288,-104.615791",98.0,36090.24,24.024288,-104.615791
house,|México|Estado de México|,"19.537234,-99.025536",83.0,45447.36,19.537234,-99.025536
house,|México|Distrito Federal|,"19.343042,-99.054777",275.0,167543.01,19.343042,-99.054777
house,|México|Querétaro###|,"20.594322,-100.365929",286.0,183875.82,20.594322,-100.365929
house,|México|Jalisco|,"20.66976,-105.204857",70.0,35299.94,20.66976,-105.204857
house,|México|Sinaloa|,"23.256596,-106.415812",190.0,55320.8,23.256596,-106.415812
house,|México|Estado de México|,"19.524088,-99.096736",75.0,70757.94,19.524088,-99.096736
other,|México|Sonora|,"27.492267,-109.958231",236.0,115910.26,27.492267,-109.958231
apartment,|México|Distrito Federal|,"19.394358,-99.177444",195.0,289775.66,19.394358,-99.177444
house,|México|Nuevo León|,"25.7075214,-100.4578949",150.0,110969.16,25.7075214,-100.4578949
house,|México|Chihuahua###|,"28.6329957,-106.0691004",274.0,,28.6329957,-106.0691004
house,|México|Tamaulipas|,"22.286442,-97.889847",81.0,44256.64,22.286442,-97.889847
house,|México|Morelos|,"18.926889,-99.218126",186.0,118544.58,18.926889,-99.218126
apartment,|México|,"19.287568,-99.145853",100.0,159320.71,19.287568,-99.145853
house,|México|Morelos|,"18.835637,-99.252857",200.0,63223.78,18.835637,-99.252857
house,|México|Nuevo León|,"25.723516,-100.393311",350.0,252895.12,25.723516,-100.393311
house,|México|Chiapas|,"19.750508,-101.181947",20241201.0,37934.26,19.750508,-101.181947
apartment,|México|Puebla|,"19.058884,-98.260885",104.0,92201.34,19.058884,-98.260885
house,|México|,"19.477827,-99.216217",229.0,157690.64,19.477827,-99.216217
apartment,|México|Morelos|,"18.963312,-99.214456",3800.0,43729.78,18.963312,-99.214456
apartment,|México|Distrito Federal|,"19.393656,-99.132304",60.0,84845.35,19.393656,-99.132304
apartment,|México|Estado de México|,"19.607218,-99.194926",100.0,43202.91,19.607218,-99.194926
house,|México|Estado de México|,,85.0,57968.87,,-99.6178249
house,|México|Guerrero|,"16.7795417527,-99.798010105",275.0,316118.9,16.7795417527,-99.798010105
house,|México|Yucatán|,"21.0411724,-89.5550539",195.0,91632.19,21.0411724,-89.5550539
other,|México|Tabasco|,"18.00557,-92.959735",205.0,88513.29,18.00557,-92.959735
apartment,|México|Distrito Federal###|,"19.441809,-99.156423",80.0,,19.441809,-99.156423
house,|México|Hidalgo|,,150.0,92223.21,,-98.735725
house,|México|Veracruz de Ignacio de la Llave|,"20.9673656268,-97.3916879296",120.0,44783.51,20.9673656268,-97.3916879296
apartment,|México|Distrito Federal|,"19.391819,-99.188639",84.0,71653.61,19.391819,-99.188639
apartment,|México|Distrito Federal|,"19.375412,-99.144234",60.0,105372.96,19.375412,-99.144234
house,|México|Morelos|,"23.634501,-102.552788",180.0,63223.78,23.634501,-102.552788
apartment,|México|Distrito Federal|,"19.496076,-99.204251",60.0,36260.68,19.496076,-99.204251
house,|México|Sinaloa|,"24.8053549677,-107.4623677164",95.0,44794.13,24.8053549677,-107.4623677164
apartment,|México|Distrito Federal###|,,110.0,,,-99.219505
house,|México|Morelos|,,120.0,105372.96,18.842861,
house,|México|Veracruz de Ignacio de la Llave|,"25.51485,-103.389699",140.0,51632.75,25.51485,-103.389699
house,|México|Jalisco|,"20.532264,-103.484418",175.0,121178.91,20.532264,-103.484418
house,|México|Morelos|,"18.9289862,-99.1802147",100.0,47417.83,18.9289862,-99.1802147
house,|México|Yucatán|,"21.0284038368,-89.6530058049",81.0,39524.23,21.0284038368,-89.6530058049
other,|México|San Luis Potosí|,"22.11830417,-101.0321938992",360.0,,22.11830417,-101.0321938992
house,|México|Estado de México|,"19.233201,-99.558519",115.0,110667.85,19.233201,-99.558519
house,|México|,"19.2030655,-99.5478784",106.0,38724.56,19.2030655,-99.5478784
house,|México|Estado de México|,"19.276849,-99.546473",179.0,94203.43,19.276849,-99.546473
house,|México|Distrito Federal|,"19.362795,-99.218987",80.0,46715.31,19.362795,-99.218987
house,|México|Morelos|,"18.858107,-99.200287",92.0,52398.95,18.858107,-99.200287
house,|México|San Luis Potosí|,"22.175159,-100.979996",188.0,72197.6,22.175159,-100.979996
house,|México|Nuevo León|,"25.721457,-100.228301",190.0,88513.29,25.721457,-100.228301
apartment,|México|Distrito Federal|,"19.367931,-99.170262",120.0,120652.04,19.367931,-99.170262
apartment,|México|Distrito Federal|,"19.351371,-99.161529",60.0,35563.37,19.351371,-99.161529
house,|México|San Luis Potosí|,"22.1593377,-101.0443504",187.0,100000.0,22.1593377,-101.0443504
house,|México|Puebla|,"19.009069,-98.196693",148.0,89473.68,19.009069,-98.196693
house,|México|Estado de México|,"19.524088,-99.096736",75.0,70757.94,19.524088,-99.096736
house,|México|Tamaulipas|,"22.313122,-97.858559",193.0,50000.0,22.313122,-97.858559
house,|México|Yucatán|,"21.01429,-89.605148",280.0,144922.18,21.01429,-89.605148
house,|México|Veracruz de Ignacio de la Llave|,"25.599048,-103.412397",189.0,64277.51,25.599048,-103.412397
house,|México|Sonora|,"29.105133,-110.943916",357.0,210745.93,29.105133,-110.943916
house,|México|,"22.3261979,-97.8885244",188.0,92223.21,22.3261979,-97.8885244
house,|México|Guanajuato|,"20.58343642,-101.1981905",180.0,131747.44,20.58343642,-101.1981905
house,|México|Estado de México|,"19.5139313,-99.2281847",160.0,106368.42,19.5139313,-99.2281847
house,|México|Querétaro|,"20.558271,-100.42942",139.0,97469.99,20.558271,-100.42942
house,|México|Veracruz de Ignacio de la Llave|,,110.0,39524.23,,-96.939697
house,|México|Yucatán|,"21.0399331,-89.5965747",235.0,128218.68,21.0399331,-89.5965747
house,|México|Puebla|,"18.915431,-98.435252",200.0,99473.68,18.915431,-98.435252
apartment,|México|Distrito Federal|,,60.0,34246.21,,-99.160149
apartment,|México|Estado de México|,"19.559799,-99.233795",60.0,34599.16,19.559799,-99.233795
house,|México|Morelos|,"18.947784,-99.201675",300.0,242105.26,18.947784,-99.201675
house,|México|Chihuahua###|,"28.678531,-106.040439",115.0,46890.97,28.678531,-106.040439
other,|México|Querétaro|,"20.598278,-100.33121",140.0,,20.598278,-100.33121
house,|México|Puebla|,"19.059084,-98.286095",243.0,101445.53,19.059084,-98.286095
house,|México|Morelos|,"18.9289862,-99.1802147",100.0,47417.83,18.9289862,-99.1802147
house,|México|San Luis Potosí|,"22.1877626295,-100.962767601",105.0,50517.24,22.1877626295,-100.962767601
house,|México|Estado de México|,"19.590134,-99.280419",100.0,44783.51,19.590134,-99.280419
house,|México|Querétaro|,,110.0,62105.26,20.403807,
house,|México|Chihuahua|,"28.6983446,-106.0940375",350.0,231578.95,28.6983446,-106.0940375
apartment,|México|Distrito Federal|,"19.36594,-99.163153",,106848.18,19.36594,-99.163153
house,|México|Chihuahua|,"28.672886,-106.09304",250.0,63238.77,28.672886,-106.09304
apartment,|México|Querétaro|,"20.5835963,-100.3729496",144.0,160263.16,20.5835963,-100.3729496
other,|México|Morelos###|,"18.936026,-99.216217",286.0,,18.936026,-99.216217
apartment,|México|Guerrero|,"16.829782,-99.911012",150.0,94308.8,16.829782,-99.911012
apartment,|México|Distrito Federal|,"19.440043,-99.176894",79.0,137017.34,19.440043,-99.176894
house,|México|Morelos|,"18.936026,-99.216217",220.0,205477.28,18.936026,-99.216217
house,|México|Querétaro|,"20.726007,-100.442642",285.0,231875.5,20.726007,-100.442642
house,|México|Yucatán|,"21.030668,-89.599258",305.0,184182.92,21.030668,-89.599258
other,|México|Tamaulipas|,,263.0,176541.57,,-97.849037
house,|México|Quintana Roo|,"20.6295586,-87.0738851",143.0,127894.74,20.6295586,-87.0738851
apartment,|México|San Luis Potosí|,"22.133104,-100.982117",130.0,72631.58,22.133104,-100.982117
apartment,|México|Veracruz de Ignacio de la Llave|,"19.1356101,-96.1142685",105.0,50064.02,19.1356101,-96.1142685
house,|México|Estado de México|,"19.2826098,-99.6556653",90.0,56387.9,19.2826098,-99.6556653
apartment,|México|Distrito Federal|,"19.462951,-99.125888",208.0,131716.2,19.462951,-99.125888
apartment,|México|Distrito Federal|,"19.3934457,-99.1796926",100.0,279193.58,19.3934457,-99.1796926
house,|México|Yucatán|,"21.0634817,-89.6110378",296.0,137017.34,21.0634817,-89.6110378
apartment,|México|Distrito Federal|,"19.2753576,-99.1675547",101.0,173421.05,19.2753576,-99.1675547
apartment,|México|Distrito Federal|,"19.409369,-99.171906",,263494.89,19.409369,-99.171906
other,|México|Querétaro|,"20.391528,-99.981438",202.0,121207.64,20.391528,-99.981438
apartment,|México|Distrito Federal|,"19.427607,-99.160835",102.0,,19.427607,-99.160835
other,|México|Distrito Federal|,"19.289286,-99.158066",,124210.53,19.289286,-99.158066
apartment,|México|Yucatán|,"21.039522,-89.563911",,,21.039522,-89.563911
house,|México|Morelos|,"18.922282,-99.04435",70.0,,18.922282,-99.04435
house,|México|Chiapas|,"16.768602,-93.164162",185.0,,16.768602,-93.164162
house,|México|Puebla|,,120.0,59535.72,,-98.248372
house,|México|Distrito Federal|,"19.2753576,-99.1675547",370.0,263157.89,19.2753576,-99.1675547
house,|México|Yucatán|,"21.05258302,-89.53863859",205.0,105191.37,21.05258302,-89.53863859
apartment,|México|Estado de México###|,"19.402713,-99.27547",6500.0,101196.61,19.402713,-99.27547
apartment,|México|Distrito Federal|,"19.27112369,-99.20883894",72.0,40645.77,19.27112369,-99.20883894
apartment,|México|Tabasco|,"17.997911,-92.923836",125.0,210745.93,17.997911,-92.923836
house,|México|Estado de México|,"19.538595,-99.180214",200.0,158059.45,19.538595,-99.180214
house,|México|Distrito Federal###|,"19.373264,-99.104161",250.0,135430.6,19.373264,-99.104161
house,|México|Querétaro|,"20.5951924,-100.3479663",180.0,120000.0,20.5951924,-100.3479663
apartment,|México|Yucatán###|,"21.072905,-89.65963",190.0,,21.072905,-89.65963
house,|México|Veracruz de Ignacio de la Llave|,"25.582705,-103.376805",232.0,81578.95,25.582705,-103.376805
house,|México|Chiapas###|,"19.673779,-101.187927",210.0,136842.11,19.673779,-101.187927
house,|México|Querétaro###|,"20.726007,-100.442642",180.0,109324.45,20.726007,-100.442642
house,|México|Chihuahua|,"28.652079,-106.109581",227.0,110641.61,28.652079,-106.109581
house,|México|Nuevo León|,"25.7542524,-100.4034274",137.0,71052.63,25.7542524,-100.4034274
house,|México|Chiapas|,"16.717077,-93.162903",170.0,94736.84,16.717077,-93.162903
house,|México|Distrito Federal|,"19.3434226,-99.1359301",9100.0,68492.42,19.3434226,-99.1359301
house,|México|Nuevo León|,"25.660103,-100.410858",127.0,131747.44,25.660103,-100.410858
house,|México|Yucatán|,"21.013465,-89.591041",239.0,283558.65,21.013465,-89.591041
house,|México|Distrito Federal|,"19.337652,-99.2233268",297.0,264390.77,19.337652,-99.2233268
house,|México|Tamaulipas|,,,126447.56,,
house,|México|Estado de México|,"19.286575,-99.597733",200.0,72865.4,19.286575,-99.597733
house,|México|Querétaro|,"20.5285264774,-99.88301754",136.0,79048.46,20.5285264774,-99.88301754
apartment,|México|Distrito Federal|,,80.0,39946.36,,-99.128797
apartment,|México|Distrito Federal|,,62.0,84318.36,,-99.148384
house,|México|Yucatán|,"21.072905,-89.65963",201.0,75210.53,21.072905,-89.65963
apartment,|México|,"20.67603,-103.425418",125.0,157479.9,20.67603,-103.425418
house,|México|Morelos|,"18.821062,-98.949371",120.0,69473.68,18.821062,-98.949371
other,|México|Distrito Federal|,,75.0,34421.81,,-99.121497
house,|México|Querétaro|,,130.0,,20.618279,
house,|México|Tamaulipas|,"22.329824,-97.880325",138.0,83157.89,22.329824,-97.880325
house,|México|Nayarit|,"20.70506,-105.269812",101.0,65789.47,20.70506,-105.269812
house,|México|Jalisco|,"23.634501,-102.552788",127.0,84210.53,23.634501,-102.552788
house,|México|Hidalgo|,,279.0,131716.2,,-98.367993
house,|México|,"23.283125,-106.406723",192.0,47417.83,23.283125,-106.406723
house,|México|Querétaro|,"20.624242,-100.390194",172.0,86953.31,20.624242,-100.390194
apartment,|México|Distrito Federal|,"19.336697,-99.152534",102.0,187081.37,19.336697,-99.152534
house,|México|Quintana Roo###|,"21.139086,-86.84964",,118421.05,21.139086,-86.84964
house,|México|Morelos|,"18.858107,-99.200287",105.0,72578.95,18.858107,-99.200287
apartment,|México|Yucatán|,"21.0307114,-89.6181018",157.0,81630.71,21.0307114,-89.6181018
house,|México|Yucatán|,"21.021821,-89.634346",235.0,110641.61,21.021821,-89.634346
apartment,|México|Morelos|,,130.0,94736.84,,
house,|México|Nuevo León|,"25.652299,-100.266174",281.0,152790.8,25.652299,-100.266174
house,|México|Veracruz de Ignacio de la Llave|,"19.123617,-96.113161",220.0,99577.45,19.123617,-96.113161
apartment,|México|Guerrero|,"16.851935,-99.844955",195.0,105263.16,16.851935,-99.844955
house,|México|Yucatán|,"21.072905,-89.65963",90.0,63157.89,21.072905,-89.65963
house,|México|Querétaro|,"20.631845,-100.390495",180.0,118572.7,20.631845,-100.390495
apartment,|México|Distrito Federal|,"19.401507,-99.14682",,91052.63,19.401507,-99.14682
apartment,|México|,,88.0,43213.16,,-104.613602
house,|México|Morelos|,"18.823669,-99.227295",165.0,86842.11,18.823669,-99.227295
house,|México|Querétaro|,"20.606224,-100.329168",165.0,97469.99,20.606224,-100.329168
house,|México|,,260.0,158059.45,,-101.187927
house,|México|Jalisco|,"20.763189,-103.389053",95.0,81578.95,20.763189,-103.389053
apartment,|México|Guerrero|,"16.75063911,-99.76263069",70.0,43684.21,16.75063911,-99.76263069
house,|México|San Luis Potosí|,"22.147087,-100.960213",105.0,57894.74,22.147087,-100.960213
house,|México|San Luis Potosí|,"23.634501,-102.552788",198.0,110526.32,23.634501,-102.552788
house,|México|Jalisco|,"20.424117,-103.29756",299.0,163157.89,20.424117,-103.29756
house,|México|Chiapas|,"16.766762,-93.148401",160.0,154371.39,16.766762,-93.148401
house,|México|Quintana Roo|,"21.082655,-86.857162",251.0,187037.01,21.082655,-86.857162
house,|México|Morelos|,"18.917542,-98.963181",210.0,118572.7,18.917542,-98.963181
house,|México|Yucatán|,"20.938659,-89.615316",173.0,50052.15,20.938659,-89.615316
house,|México|Distrito Federal|,"19.360526,-99.301674",220.0,87703.06,19.360526,-99.301674
house,|México|Distrito Federal|,"19.2925929444,-99.1806221008",96.0,138598.31,19.2925929444,-99.1806221008
apartment,|México|Jalisco###|,"20.69064,-103.393175",166.0,274592.89,20.69064,-103.393175
apartment,|México|Puebla|,"19.076612,-98.236336",93.0,57884.47,19.076612,-98.236336
house,|México|Veracruz de Ignacio de la Llave|,"20.95618,-97.408578",20241201.0,105263.16,20.95618,-97.408578
house,|México|Yucatán|,"21.039522,-89.563911",274.0,152368.42,21.039522,-89.563911
house,|México|Yucatán|,"21.07671918,-89.62775633",155.0,67894.74,21.07671918,-89.62775633
house,|México|Yucatán|,"20.99214914,-89.5655331",121.0,65873.72,20.99214914,-89.5655331
house,|México|Querétaro###|,"20.394361,-99.973053",120.0,73684.21,20.394361,-99.973053
house,|México|nan###|,"22.18774276,-100.9580845",200.0,67631.58,22.18774276,-100.9580845
house,|México|Veracruz de Ignacio de la Llave|,"19.1279472004,-96.1076366901",200.0,104319.23,19.1279472004,-96.1076366901
house,|México|Veracruz de Ignacio de la Llave|,"25.535009,-103.302429",350.0,42105.26,25.535009,-103.302429
house,|México|Chiapas|,"16.780325,-93.119637",180.0,105372.96,16.780325,-93.119637
house,|México|nan###|,,350.0,,,-99.254997
apartment,|México|Distrito Federal|,"19.41498,-99.177444",164.0,289473.68,19.41498,-99.177444
house,|México|Guanajuato|,"21.1264477,-101.611078",250.0,,21.1264477,-101.611078
house,|México|Yucatán|,"20.999418,-89.619278",377.0,224339.55,20.999418,-89.619278
house,|México|Estado de México|,"19.297163,-99.635183",230.0,105263.16,19.297163,-99.635183
house,|México|Puebla|,"19.071239,-98.273949",240.0,126447.56,19.071239,-98.273949
house,|México|Jalisco|,"20.883594,-103.839896",100.0,184402.69,20.883594,-103.839896
house,|México|Estado de México|,"19.494789,-99.270887",151.0,105789.47,19.494789,-99.270887
house,|México|Veracruz de Ignacio de la Llave|,"20.949741,-97.396337",320.0,158059.45,20.949741,-97.396337
house,|México|Yucatán|,,100.0,79029.72,,-89.599258
house,|México|Nuevo León|,"25.5883667,-100.2430415",300.0,162393.9,25.5883667,-100.2430415
other,|México|Morelos|,"18.862602,-99.213448",210.0,141990.07,18.862602,-99.213448
apartment,|México|San Luis Potosí###|,"22.125832,-101.035118",144.0,,22.125832,-101.035118
other,|México|Sonora|,"27.492267,-109.958231",236.0,115910.26,27.492267,-109.958231
apartment,|México|Estado de México|,"19.379597,-99.293808",155.0,226551.88,19.379597,-99.293808
house,|México|Morelos|,"18.858107,-99.200287",92.0,64556.24,18.858107,-99.200287
house,|México|Puebla|,"18.9802279987,-98.2865452766",272.0,210795.91,18.9802279987,-98.2865452766
other,|México|San Luis Potosí|,"22.144705,-101.04092",144.0,90620.75,22.144705,-101.04092
house,|México|San Luis Potosí|,"22.133745,-101.016029",126.0,113105.26,22.133745,-101.016029
house,|México|Querétaro|,"20.618279,-100.346985",160.0,,20.618279,-100.346985
apartment,|México|Puebla|,"19.0527224248,-98.2346042991",75.0,81683.41,19.0527224248,-98.2346042991
house,|México|Yucatán|,"21.0552216,-89.6583682",220.0,112473.68,21.0552216,-89.6583682
house,|México|Morelos|,"18.847519,-99.220529",20241201.0,89567.02,18.847519,-99.220529
house,|México|Querétaro|,"20.6521079,-100.3491545",250.0,144922.18,20.6521079,-100.3491545
apartment,|México|Distrito Federal|,,133.0,,,-99.140207
house,|México|Morelos|,"18.835637,-99.252857",200.0,63223.78,18.835637,-99.252857
apartment,|México|Distrito Federal|,"19.342083,-99.0532159",86.0,90115.25,19.342083,-99.0532159
house,|México|Veracruz de Ignacio de la Llave|,"25.51506,-103.413092",230.0,44783.51,25.51506,-103.413092
house,|México|Yucatán|,"21.072905,-89.65963",266.0,111721.83,21.072905,-89.65963
house,|México|Jalisco|,"20.650429,-103.374611",,150192.08,20.650429,-103.374611
house,|México|Distrito Federal|,"19.493973,-99.130394",300.0,179239.41,19.493973,-99.130394
house,|México|Quintana Roo|,"21.139086,-86.84964",66.0,,21.139086,-86.84964
house,|México|Estado de México|,"19.544106,-99.112656",131.0,68492.42,19.544106,-99.112656
apartment,|México|Puebla|,"19.002178,-98.271063",87.0,173986.78,19.002178,-98.271063
house,|México|Veracruz de Ignacio de la Llave|,"19.165146,-96.160652",220.0,139619.18,19.165146,-96.160652
house,|México|Estado de México|,"19.666832,-99.236992",20241201.0,44783.51,19.666832,-99.236992
house,|México|Baja California|,"32.665619,-115.433372",134.0,133442.74,32.665619,-115.433372
house,|México|Guerrero|,"16.860338,-99.870399",168.0,94835.67,16.860338,-99.870399
apartment,|México|Distrito Federal|,"19.377404,-99.193301",80.0,91411.04,19.377404,-99.193301
house,|México|Querétaro|,"20.726007,-100.442642",135.0,115789.47,20.726007,-100.442642
house,|México|Veracruz de Ignacio de la Llave|,"19.0652948,-96.069905",192.0,126477.54,19.0652948,-96.069905
apartment,|México|Guerrero|,"16.863794,-99.881614",20241201.0,237145.4,16.863794,-99.881614
